"프라그마헬름,여성용",머리,122,4 4 -,화:-2 수:2 뇌:-1 빙:2 용:-4,합기 Lv 2현여반석 Lv 2,10
프라이멀헬름,머리,125,4 4 -,화:-2 수:2 뇌:2 빙:-1 용:-5,혈기 Lv 3,10
"버추스헬름,남성용",머리,122,4 4 -,화:-2 수:2 뇌:-1 빙:2 용:-4,합기 Lv 2현여반석 Lv 2,10
황천[관],머리,125,4 3 -,화:-3 수:4 뇌:0 빙:0 용:-5,회피 성능 Lv 5,10
"네피림헬름,여성용",머리,118,4 2 -,화:-4 수:3 뇌:-2 빙:2 용:-4,분투 Lv 1간파 Lv 2약점 특효[속성] Lv 1,10
라비나헬름,머리,123,3 1 -,화:-3 수:2 뇌:-1 빙:4 용:-1,연마술[예] Lv 3칼날 연마 Lv 1장전 확장 Lv 3,10
혁요의헬름-역,머리,121,4 2 -,화:-2 수:-2 뇌:-2 빙:-2 용:3,용기 변환 Lv 1힘의 해방 Lv 2공격 Lv 1,10
"리발크샤나앵크,[3]",머리,124,3 2 1,화:-1 수:2 뇌:-2 빙:3 용:-3,풍전 Lv 1밧줄벌레꾼 Lv 3,10
"리발카이저혼,[1]",머리,124,3 2 -,화:4 수:-4 뇌:1 빙:-1 용:-3,분진전 Lv 1약점 특효 Lv 1간파 Lv 2,10
"카오스헬름,[2] 남성용",머리,118,4 2 -,화:-4 수:3 뇌:-2 빙:2 용:-4,분투 Lv 1간파 Lv 2약점 특효[속성] Lv 1,10
미즈하머리장식-각성,머리,125,4 2 -,화:-5 수:1 뇌:0 빙:3 용:-3,완전 충전 Lv 3회피 성능 Lv 1,10
음양인두관,머리,120,4 1 1,화:2 수:0 뇌:-1 빙:-3 용:1,교격 Lv 1회피 거리 UP Lv 3,10
에스피나Z게힐,머리,122,3 2 -,화:3 수:-4 뇌:-1 빙:2 용:-3,공격 Lv 2명검 Lv 1탄환 절약 Lv 1,10
월광보호대,머리,118,3 1 1,화:3 수:3 뇌:0 빙:-5 용:-2,장인 Lv 1장전 확장 Lv 1도전자 Lv 3,10
"실버솔헬름,[1]",머리,122,4 1 1,화:4 수:-4 뇌:-3 빙:-2 용:3,슈퍼회심 Lv 2회심격[속성] Lv 1풍압 내성 Lv 3,10
골드루나헬름,머리,120,2 2 -,화:3 수:-3 뇌:-4 빙:-1 용:2,상태 이상 확정 축적 Lv 2공세 Lv 1연격 Lv 2,10
프라이드헬름,머리,123,3 2 -,화:3 수:0 뇌:-2 빙:-3 용:-1,힘의 해방 Lv 2공격 Lv 1귀마개 Lv 1,10
축복의깃털장식,머리,116,2 - -,화:0 수:0 뇌:0 빙:0 용:0,행운 Lv 3,10
거점사령관의귀걸이,머리,118,2 - -,화:1 수:1 뇌:1 빙:1 용:1,광역화 Lv 3집중 Lv 3,10
"마가이투구-원,[1]",머리,124,3 - -,화:3 수:-3 뇌:-2 빙:1 용:1,귀화전 Lv 2전화위복 Lv 2합기 Lv 1,10
노천머리장식,머리,122,1 1 1,화:2 수:1 뇌:3 빙:-5 용:2,격앙 Lv 1간파 Lv 1명검 Lv 2탄환 절약 Lv 2,10
혁요의헬름-진,머리,124,4 1 1,화:-2 수:-2 뇌:-2 빙:-2 용:3,용기 활성 Lv 1약점 특효 Lv 1,10
천둥의머리-진,머리,122,2 - -,화:2 수:1 뇌:4 빙:-3 용:-4,뇌문의 일치 Lv 1고속 변형 Lv 1공격적인 방어 Lv 1풍뢰합일 Lv 1,10
돌풍의머리-진,머리,122,2 - -,화:-1 수:0 뇌:0 빙:0 용:-2,풍문의 일치 Lv 1집중 Lv 1회피 거리 UP Lv 1풍뢰합일 Lv 1,10
명연전갑 이레케라토,머리,126,4 2 -,화:0 수:3 뇌:-2 빙:3 용:-5,약점 특효 Lv 1앙심 Lv 2,10
"길드팰리스헬름,[3]",머리,120,3 - -,화:1 수:2 뇌:2 빙:1 용:1,도전자 Lv 1공격적인 방어 Lv 2,9
세일러후드,머리,114,4 2 1,화:0 수:0 뇌:0 빙:0 용:0,향응 Lv 1,9
메듀레트X해트,머리,114,4 1 -,화:1 수:3 뇌:0 빙:2 용:0,파괴왕 Lv 1정령의 가호 Lv 1집중 Lv 1,9
시커헤드,머리,114,4 - -,화:2 수:2 뇌:2 빙:2 용:2,체술 Lv 3회복 속도 Lv 1,9
사쥬후드,머리,114,4 - -,화:0 수:0 뇌:0 빙:0 용:0,광역화 Lv 3포획 명인 Lv 1,9
"샤리테바레트,여성용",머리,114,1 1 1,화:1 수:1 뇌:1 빙:1 용:1,회복 속도 Lv 3귀마개 Lv 2,9
"프로프고글,남성용",머리,114,1 1 1,화:1 수:1 뇌:1 빙:1 용:1,회복 속도 Lv 3귀마개 Lv 2,9
"멜제헬름,[3]",머리,120,2 2 -,화:-2 수:2 뇌:2 빙:-1 용:-5,약점 특효 Lv 1밧줄벌레꾼 Lv 2,9
"필리아헬름,여성용",머리,120,3 - -,화:-2 수:2 뇌:-1 빙:2 용:-4,광룡증[식] Lv 1전화위복 Lv 2,9
"아크헬름,[1] 남성용",머리,120,3 - -,화:-2 수:2 뇌:-1 빙:2 용:-4,광룡증[식] Lv 1전화위복 Lv 2,9
"카이저X크라운,[4]",머리,120,1 1 1,화:4 수:-4 뇌:1 빙:-1 용:-3,간파 Lv 3슈퍼회심 Lv 1,9
미즈하면갑-진,머리,120,4 - -,화:-5 수:1 뇌:0 빙:3 용:-3,심안 Lv 2탄도 강화 Lv 2공세 Lv 1,9
크샤나X앵크,머리,120,4 - -,화:-1 수:2 뇌:-2 빙:3 용:-3,장인 Lv 2통상탄/연사화살 강화 Lv 2,9
다마스크X헬름,머리,114,1 - -,화:-1 수:2 뇌:-3 빙:1 용:-1,내진 Lv 2귀마개 Lv 2,9
바젤X헬름,머리,118,3 - -,화:3 수:1 뇌:-4 빙:-2 용:-2,포술 Lv 1가드 성능 Lv 2명검 Lv 1,9
제천머리장식-진,머리,116,4 1 -,화:2 수:1 뇌:3 빙:-5 용:2,재난대처능력 Lv 2혼신 Lv 1,9
그로시아헤드,머리,112,2 - -,화:0 수:0 뇌:0 빙:3 용:0,연마술[예] Lv 1스태미나 탈취 Lv 1공격 Lv 2,9
발바니아패치,머리,110,3 - -,화:1 수:1 뇌:1 빙:1 용:1,약점 특효 Lv 1포획 명인 Lv 1앙심 Lv 2,9
디그니이어링,머리,112,1 - -,화:1 수:1 뇌:1 빙:1 용:1,집중 Lv 2강화 지속 Lv 2회피 거리 UP Lv 1,9
"에콜후드,여성용",머리,110,1 - -,화:0 수:0 뇌:0 빙:0 용:0,체술 Lv 2약점 특효 Lv 1행운 Lv 1,9
"호크해트,남성용",머리,110,1 - -,화:0 수:0 뇌:0 빙:0 용:0,체술 Lv 2약점 특효 Lv 1행운 Lv 1,9
중장기사의투구,머리,114,2 - -,화:1 수:1 뇌:1 빙:1 용:1,가드 강화 Lv 1포술 Lv 1포탄 장전 Lv 2,9
"에스피나게힐,[1]",머리,116,2 2 -,화:3 수:-1 뇌:2 빙:-3 용:-2,마비속성 강화 Lv 3파괴왕 Lv 1,9
"루나가로헬름,[3]",머리,114,2 2 -,화:-4 수:2 뇌:-1 빙:4 용:-1,간파 Lv 2밧줄벌레꾼 Lv 1,9
젝스헬름,머리,114,4 2 1,화:0 수:-1 뇌:4 빙:-3 용:0,연격 Lv 1기절 내성 Lv 2,9
레기오스헬름,머리,114,3 - -,화:4 수:0 뇌:-3 빙:-2 용:0,칼날비늘 연마 Lv 1체술 Lv 3,9
고어헬름,머리,112,2 2 -,화:-2 수:3 뇌:-1 빙:2 용:-1,도전자 Lv 1체술 Lv 2,9
디아블로X헬름,머리,118,3 - -,화:3 수:-1 뇌:-1 빙:-3 용:-1,가드 성능 Lv 3내진 Lv 1,9
렉스X헬름,머리,118,4 1 -,화:2 수:0 뇌:-3 빙:0 용:-2,귀마개 Lv 1빨리 먹기 Lv 1,9
진오우X헬름,머리,116,3 - -,화:0 수:-1 뇌:4 빙:-4 용:1,힘의 해방 Lv 1약점 특효 Lv 1회심격[속성] Lv 1,9
레우스X헬름,머리,114,4 - -,화:3 수:1 뇌:-2 빙:1 용:-3,공격 Lv 1파괴왕 Lv 1슈퍼회심 Lv 1,9
미츠네X헬름,머리,114,2 1 -,화:0 수:2 뇌:-3 빙:1 용:-1,돌파구 Lv 1회피 성능 Lv 2체술 Lv 1,9
가브라스X헤드,머리,112,4 2 1,화:1 수:1 뇌:1 빙:1 용:3,풍압 내성 Lv 1독속성 강화 Lv 1,9
"무녀상투-요,여성용",머리,110,2 - -,화:3 수:0 뇌:0 빙:0 용:0,빨리 먹기 Lv 2만족감 Lv 1행운 Lv 1,9
"이면우츠시가면-진,[2] 남성용",머리,110,1 - -,화:3 수:0 뇌:0 빙:0 용:0,명검 Lv 2탄환 절약 Lv 2밧줄벌레꾼 Lv 1공격 Lv 2,9
"무복상투-광,여성용",머리,110,1 - -,화:3 수:0 뇌:0 빙:0 용:0,명검 Lv 2탄환 절약 Lv 2밧줄벌레꾼 Lv 1공격 Lv 2,9
"표면우츠시복면-진,[1] 남성용",머리,110,2 - -,화:3 수:0 뇌:0 빙:0 용:0,빨리 먹기 Lv 2만족감 Lv 1행운 Lv 1,9
야츠카다Z헬름,머리,112,4 1 -,화:2 수:-4 뇌:2 빙:-2 용:2,혼신 Lv 1폭파속성 강화 Lv 1밧줄벌레꾼 Lv 1,9
오로미도Z헬름,머리,112,3 - -,화:5 수:-5 뇌:0 빙:-4 용:0,앙심 Lv 1재난대처능력 Lv 2불속성 공격 강화 Lv 3,9
야츠카다X헬름,머리,108,3 1 -,화:4 수:-2 뇌:-1 빙:-3 용:0,산탄/확산화살 강화 Lv 1장전 속도 Lv 1튠 업 Lv 1,8
오로미도X헬름,머리,108,2 2 -,화:-4 수:3 뇌:3 빙:-2 용:-2,고속 변형 Lv 2강화 지속 Lv 1,8
기자미헬름,머리,108,2 2 -,화:-3 수:1 뇌:-4 빙:-1 용:2,간파 Lv 1완전 충전 Lv 2,8
고르무헬름,머리,112,4 1 -,화:-1 수:3 뇌:-2 빙:0 용:2,차지 마스터 Lv 1혼신 Lv 1내진 Lv 1,8
고샤X헬름,머리,106,2 1 -,화:-4 수:1 뇌:-1 빙:4 용:0,발도술[기] Lv 1도전자 Lv 2납도술 Lv 1,8
나르가X헬름,머리,108,3 - -,화:-2 수:1 뇌:-3 빙:1 용:1,회피 성능 Lv 1체술 Lv 2움찔 감소 Lv 1,8
마가이투구-진,머리,110,2 - -,화:3 수:-3 뇌:-2 빙:1 용:1,앙심 Lv 2장인 Lv 1움찔 감소 Lv 2,8
벨리오X헬름,머리,108,1 1 -,화:-5 수:0 뇌:-1 빙:3 용:0,발도술[기] Lv 2파괴왕 Lv 1얼음속성 공격 강화 Lv 2,8
브리게이드X로포스,머리,106,3 2 -,화:1 수:0 뇌:2 빙:0 용:2,식생학 Lv 2정령의 가호 Lv 2,8
"가디언헬름,[2]",머리,108,3 - -,화:2 수:0 뇌:0 빙:2 용:3,가드 성능 Lv 1가드 강화 Lv 1귀마개 Lv 1,8
"스콜라후드,여성용",머리,104,3 - -,화:0 수:0 뇌:0 빙:0 용:0,회피 성능 Lv 2버섯 애호가 Lv 1,8
"길드버드로포스,남성용",머리,104,3 - -,화:0 수:0 뇌:0 빙:0 용:0,회피 성능 Lv 2버섯 애호가 Lv 1,8
포술대[투구],머리,106,3 - -,화:1 수:1 뇌:1 빙:1 용:1,흔들림 억제 Lv 2반동 경감 Lv 1회피 거리 UP Lv 2,8
"파르메르X테스타,여성용",머리,110,2 - -,화:-2 수:0 뇌:3 빙:-2 용:2,회심격[속성] Lv 2회피 성능 Lv 2,8
"르와가X테스타,남성용",머리,110,2 - -,화:-2 수:0 뇌:3 빙:-2 용:2,회심격[속성] Lv 2회피 성능 Lv 2,8
마카르파X후드,머리,104,2 2 -,화:1 수:2 뇌:-2 빙:0 용:0,수면 내성 Lv 2빨리 먹기 Lv 1스태미나 급속 회복 Lv 1,8
데스기어X게힐,머리,110,3 - -,화:3 수:1 뇌:1 빙:-1 용:0,칼날 연마 Lv 1숫돌 사용 고속화 Lv 2공격 Lv 1,8
마기르X프롤,머리,100,3 2 -,화:-3 수:1 뇌:0 빙:3 용:0,폭파 피해 내성 Lv 2불속성 공격 강화 Lv 2회심격[속성] Lv 1,8
바이크X헬름,머리,100,3 1 -,화:0 수:3 뇌:-2 빙:-1 용:0,장전 확장 Lv 2회복 속도 Lv 1,8
도베르X헬름,머리,104,2 1 -,화:-2 수:0 뇌:0 빙:0 용:4,용속성 공격 강화 Lv 1공격 Lv 1재난대처능력 Lv 1런너 Lv 1,8
스컬X헤드,머리,104,4 - -,화:-3 수:-3 뇌:-3 빙:-3 용:4,불굴 Lv 1장인 Lv 1,8
쟈나프X헬름,머리,98,3 - -,화:3 수:-3 뇌:-1 빙:-1 용:0,집중 Lv 1KO술 Lv 1공격 Lv 1,8
카가치X헬름,머리,96,1 1 -,화:0 수:-3 뇌:3 빙:0 용:0,점프 철인 Lv 1체술 Lv 1간파 Lv 3,8
레이아X헬름,머리,96,4 1 -,화:3 수:0 뇌:-2 빙:0 용:-3,속성 피해 내성 Lv 1독 내성 Lv 1도전자 Lv 1,8
이소네Z헬름,머리,108,2 2 -,화:-3 수:1 뇌:-1 빙:3 용:2,달인의 재주 Lv 1도전자 Lv 2,8
이소네X헬름,머리,96,2 2 -,화:-1 수:2 뇌:-3 빙:0 용:1,수면속성 강화 Lv 1수면 내성 Lv 2탄환 절약 Lv 1,8
바살X헬름,머리,100,2 1 -,화:0 수:-2 뇌:1 빙:1 용:-3,포탄 장전 Lv 1방어 Lv 2포술 Lv 2,8
쥬라X헬름,머리,96,2 1 -,화:-1 수:2 뇌:-3 빙:0 용:0,공격적인 방어 Lv 1회피 거리 UP Lv 2앙심 Lv 1,8
푸케푸케X헬름,머리,96,4 - -,화:0 수:3 뇌:-3 빙:0 용:1,특수 사격 강화 Lv 1탄환 절약 Lv 1독속성 강화 Lv 1,8
텐고Z헬름,머리,96,3 2 -,화:2 수:-4 뇌:-2 빙:0 용:2,폭파속성 강화 Lv 1힘의 해방 Lv 2,8
텐고X헬름,머리,96,2 1 -,화:-2 수:2 뇌:2 빙:-4 용:2,아이템 사용 강화 Lv 1광역화 Lv 2기절 내성 Lv 2,8
푸루푸루X헬름,머리,96,4 - -,화:-4 수:1 뇌:4 빙:2 용:1,집중 Lv 1체력 회복량 UP Lv 1번개속성 공격 강화 Lv 2,8
즈와로X후드,머리,92,3 2 -,화:-2 수:2 뇌:0 빙:-1 용:1,만족감 Lv 1양동 Lv 1빨리 먹기 Lv 2,8
유쿠모삿갓,머리,92,2 - -,화:0 수:0 뇌:2 빙:0 용:0,간파 Lv 2회피 성능 Lv 1체력 회복량 UP Lv 1,8
경장기사의귀걸이,머리,100,1 - -,화:1 수:1 뇌:1 빙:1 용:1,공격 Lv 2빨리 먹기 Lv 3,8
오행의 가면,머리,100,2 - -,화:0 수:0 뇌:0 빙:0 용:3,귀화전 Lv 2심안 Lv 1탄도 강화 Lv 1,8
멜호아X프롤,머리,92,4 2 -,화:0 수:1 뇌:3 빙:0 용:0,마비 내성 Lv 2정령의 가호 Lv 2,8
알브로X헤드,머리,96,2 1 -,화:0 수:2 뇌:1 빙:-1 용:0,탄도 강화 Lv 2흔들림 억제 Lv 2튠 업 Lv 1,8
에델X프롤,머리,96,4 2 -,화:-1 수:3 뇌:-1 빙:0 용:0,독 내성 Lv 2빨리 먹기 Lv 1,8
혼돈의파오-진,머리,98,3 1 1,화:2 수:-2 뇌:0 빙:0 용:0,버섯 애호가 Lv 1빨리 먹기 Lv 1,8
"스파이오X테스타,여성용",머리,98,4 - -,화:3 수:-1 뇌:-1 빙:-1 용:3,독속성 강화 Lv 3힘의 해방 Lv 1,8
"스칼다X테스타,남성용",머리,98,4 - -,화:3 수:-1 뇌:-1 빙:-1 용:3,독속성 강화 Lv 3힘의 해방 Lv 1,8
잉곳X헬름,머리,94,4 1 -,화:-1 수:-1 뇌:1 빙:0 용:0,풍압 내성 Lv 1공격 Lv 2,8
요츠미X헬름,머리,90,1 - -,화:-1 수:4 뇌:-2 빙:1 용:0,통상탄/연사화살 강화 Lv 2빨리 먹기 Lv 1,8
자자미헬름,머리,94,1 - -,화:-5 수:1 뇌:-3 빙:-1 용:2,납도술 Lv 2내진 Lv 2,8
보로스X헬름,머리,94,4 1 -,화:-3 수:-1 뇌:3 빙:-1 용:0,공격 Lv 1방어 Lv 1공격적인 방어 Lv 1산탄/확산화살 강화 Lv 1,8
루드로스X헬름,머리,92,2 1 -,화:-3 수:4 뇌:-1 빙:0 용:0,런너 Lv 1완전 충전 Lv 1집중 Lv 1,8
아케노X헬름,머리,88,2 - -,화:3 수:-3 뇌:-1 빙:0 용:0,납도술 Lv 1불속성 공격 강화 Lv 1발도술[기] Lv 1,8
랑그로X헬름,머리,94,1 1 1,화:2 수:-3 뇌:0 빙:-1 용:1,마비속성 강화 Lv 2귀마개 Lv 1,8
울크X헬름,머리,86,3 - -,화:-3 수:1 뇌:0 빙:3 용:0,간파 Lv 1얼음속성 공격 강화 Lv 2달인의 재주 Lv 1장전 속도 Lv 1,8
"아시라X헬름,[1]",머리,86,1 1 1,화:-2 수:0 뇌:-2 빙:0 용:0,불굴 Lv 1방어 Lv 4빨리 먹기 Lv 1,8
프로기X헬름,머리,88,1 - -,화:2 수:-2 뇌:1 빙:-4 용:0,속사 강화 Lv 2회피 거리 UP Lv 1,8
쿠루루X헬름,머리,86,1 1 -,화:0 수:-3 뇌:0 빙:1 용:0,혼신 Lv 2납도술 Lv 1기절 내성 Lv 1,8
바기X헬름,머리,86,4 1 -,화:-4 수:-1 뇌:-1 빙:2 용:1,수면속성 강화 Lv 1얼음 내성 Lv 1,8
이즈치X헬름,머리,86,1 1 -,화:2 수:-1 뇌:-2 빙:0 용:0,간파 Lv 1회피 성능 Lv 2,8
람포스헬름,머리,86,4 1 -,화:0 수:0 뇌:0 빙:-2 용:0,공격 Lv 1기절 내성 Lv 1,8
재기X페이크,머리,86,3 1 -,화:0 수:0 뇌:0 빙:0 용:0,활주 강화 Lv 1런너 Lv 2,8
랑고헬름,머리,84,4 - -,화:-2 수:1 뇌:1 빙:1 용:2,마비속성 강화 Lv 1밧줄벌레꾼 Lv 2,8
타로스헬름,머리,86,3 - -,화:-1 수:-1 뇌:-1 빙:-1 용:4,돌파구 Lv 2체력 회복량 UP Lv 1,8
브나하X해트,머리,84,4 1 -,화:-2 수:0 뇌:0 빙:0 용:2,독속성 강화 Lv 1반동 경감 Lv 2,8
팽고X페이크,머리,86,3 - -,화:0 수:4 뇌:-2 빙:0 용:0,양동 Lv 1도전자 Lv 3,8
리노프로X헬름,머리,90,2 - -,화:2 수:0 뇌:0 빙:-2 용:0,관통탄/관통화살 강화 Lv 2기절 내성 Lv 1진흙/눈 내성 Lv 1,8
가구아X페이크,머리,86,4 - -,화:-3 수:-2 뇌:-2 빙:1 용:0,뛰어들기 Lv 1행운 Lv 2,8
본X헬름,머리,82,4 - -,화:0 수:0 뇌:0 빙:-1 용:0,스태미나 탈취 Lv 1파괴왕 Lv 1,8
얼로이X헬름,머리,82,4 - -,화:-1 수:0 뇌:-1 빙:-1 용:0,물속성 공격 강화 Lv 1칼날 연마 Lv 1숫돌 사용 고속화 Lv 1,8
헌터X헬름,머리,82,2 - -,화:0 수:0 뇌:0 빙:0 용:0,아이템 사용 강화 Lv 1공격 Lv 2,8
체인X헤드,머리,82,4 - -,화:0 수:0 뇌:1 빙:0 용:0,스태미나 급속 회복 Lv 1방어 Lv 2,8
레더X헤드,머리,80,4 1 -,화:0 수:0 뇌:0 빙:0 용:0,지질학 Lv 1배고픔 내성 Lv 1갈무리 철인 Lv 1,8
카무라두건-계,머리,80,2 - -,화:2 수:0 뇌:0 빙:0 용:0,정령의 가호 Lv 2돌파구 Lv 1,8
푸른빛무사[반짝이는 헤어],머리,72,2 1 -,화:2 수:2 뇌:0 빙:0 용:2,체술 Lv 2물속성 공격 강화 Lv 2,7
명수의깃털장식,머리,56,-,화:0 수:0 뇌:0 빙:0 용:0,갈무리 명인 Lv 1,7
혁요의헬름,머리,80,2 1 -,화:-2 수:-2 뇌:-2 빙:-2 용:3,용기 활성 Lv 1약점 특효 Lv 1,7
"화염의봉안,[7]",머리,56,-,화:3 수:0 뇌:0 빙:0 용:0,간파 Lv 4,7
"바젤헬름,[1]",머리,72,2 - -,화:3 수:1 뇌:-4 빙:-2 용:-2,포술 Lv 1가드 성능 Lv 1,7
"카이저크라운,[4]",머리,74,1 - -,화:4 수:-4 뇌:1 빙:-1 용:-3,간파 Lv 3슈퍼회심 Lv 1,7
미즈하감투,머리,74,1 - -,화:-5 수:1 뇌:0 빙:3 용:-3,심안 Lv 2탄도 강화 Lv 2회피 성능 Lv 2,7
"크샤나앵크,[1]",머리,74,1 - -,화:-1 수:2 뇌:-2 빙:3 용:-3,장인 Lv 2통상탄/연사화살 강화 Lv 2,7
다마스크헬름,머리,68,-,화:-1 수:2 뇌:-3 빙:1 용:-1,내진 Lv 2귀마개 Lv 2,7
천둥의머리,머리,76,-,화:2 수:1 뇌:4 빙:-3 용:-4,공격적인 방어 Lv 1고속 변형 Lv 1뇌문의 일치 Lv 1풍뢰합일 Lv 1,7
"돌풍의머리,[1]",머리,66,-,화:-1 수:0 뇌:0 빙:0 용:-2,집중 Lv 1회피 거리 UP Lv 1풍문의 일치 Lv 1풍뢰합일 Lv 1,7
금빛머리장식,머리,70,2 1 -,화:2 수:1 뇌:3 빙:-5 용:2,재난대처능력 Lv 2혼신 Lv 1,7
섀도우아이,머리,56,-,화:0 수:0 뇌:0 빙:0 용:0,기절 내성 Lv 1행운 Lv 2,6
지략의안경,머리,60,2 2 -,화:2 수:2 뇌:2 빙:2 용:2,지질학 Lv 2,6
"르와가S테스타,남성용",머리,62,1 - -,화:-2 수:0 뇌:3 빙:-2 용:2,회심격[속성] Lv 2,6
야츠카다헬름,머리,66,1 1 -,화:4 수:-2 뇌:-1 빙:-3 용:1,산탄/확산화살 강화 Lv 1장전 속도 Lv 1,6
디아블로S헬름,머리,64,2 - -,화:3 수:-1 뇌:-1 빙:-3 용:-1,스태미나 급속 회복 Lv 1가드 성능 Lv 1,6
렉스S헬름,머리,64,2 1 -,화:2 수:0 뇌:-3 빙:0 용:-2,빨리 먹기 Lv 1귀마개 Lv 1,6
"오로미도S헬름,[2]",머리,64,2 2 -,화:-4 수:3 뇌:3 빙:-2 용:-2,고속 변형 Lv 2,6
고샤S헬름,머리,64,1 1 -,화:-4 수:1 뇌:-1 빙:4 용:0,도전자 Lv 1발도술[기] Lv 1,6
마가이투구-패,머리,64,2 - -,화:3 수:-3 뇌:-2 빙:1 용:1,앙심 Lv 1장인 Lv 1움찔 감소 Lv 1,6
가구아S페이크,머리,54,-,화:-3 수:-2 뇌:-2 빙:1 용:0,행운 Lv 1뛰어들기 Lv 1,6
"강궁의깃털장식,[18]",머리,56,-,화:0 수:0 뇌:0 빙:0 용:0,활 모으기 단계 해제 Lv 1,6
"브리게이드S로포스,[1]",머리,62,3 1 -,화:1 수:0 뇌:2 빙:0 용:2,식생학 Lv 2,6
메듀레트S해트,머리,62,3 - -,화:1 수:3 뇌:0 빙:2 용:0,정령의 가호 Lv 1파괴왕 Lv 1,6
"파르메르S테스타,여성용",머리,62,1 - -,화:-2 수:0 뇌:3 빙:-2 용:2,회심격[속성] Lv 2,6
진오우S헬름,머리,62,1 - -,화:0 수:-1 뇌:4 빙:-4 용:1,약점 특효 Lv 1힘의 해방 Lv 1,6
레우스S헬름,머리,62,1 1 -,화:3 수:1 뇌:-2 빙:1 용:-3,공격 Lv 1파괴왕 Lv 1,6
미츠네S헬름,머리,60,2 1 -,화:0 수:2 뇌:-3 빙:1 용:-1,돌파구 Lv 1,6
나르가S헬름,머리,60,3 - -,화:-2 수:1 뇌:-3 빙:1 용:1,회피 성능 Lv 1,6
쟈나프S헬름,머리,60,2 - -,화:3 수:-3 뇌:-1 빙:-1 용:0,집중 Lv 1KO술 Lv 1,6
"이면우츠시가면-패,[5] 남성용",머리,52,1 - -,화:3 수:0 뇌:0 빙:0 용:0,명검 Lv 2탄환 절약 Lv 2밧줄벌레꾼 Lv 1,5
"표면우츠시복면-패,남성용",머리,52,1 - -,화:3 수:0 뇌:0 빙:0 용:0,빨리 먹기 Lv 1행운 Lv 1만족감 Lv 1,5
카가치S헬름,머리,58,1 1 -,화:0 수:-3 뇌:3 빙:0 용:0,간파 Lv 1체술 Lv 1점프 철인 Lv 1,5
벨리오S헬름,머리,58,1 - -,화:-3 수:0 뇌:-1 빙:3 용:0,발도술[기] Lv 2,5
이소네S헬름,머리,58,2 1 -,화:-1 수:2 뇌:-3 빙:0 용:1,수면속성 강화 Lv 1,5
가브라스S헤드,머리,52,2 - -,화:1 수:1 뇌:1 빙:1 용:3,풍압 내성 Lv 2,5
"무복상투-원,[4] 여성용",머리,52,1 - -,화:3 수:0 뇌:0 빙:0 용:0,명검 Lv 2탄환 절약 Lv 2밧줄벌레꾼 Lv 1,5
"무녀상투-기,여성용",머리,52,1 - -,화:3 수:0 뇌:0 빙:0 용:0,빨리 먹기 Lv 1행운 Lv 1만족감 Lv 1,5
마카르파S후드,머리,52,2 2 -,화:1 수:2 뇌:-2 빙:0 용:0,수면 내성 Lv 2,5
바이크S헬름,머리,52,2 1 -,화:0 수:3 뇌:-2 빙:-1 용:0,장전 확장 Lv 2,5
마기르S프롤,머리,52,2 2 -,화:-3 수:1 뇌:0 빙:3 용:0,폭파 피해 내성 Lv 2,5
데스기어S게힐,머리,52,2 - -,화:3 수:1 뇌:1 빙:-1 용:0,칼날 연마 Lv 1,5
멜호아S프롤,머리,52,2 2 -,화:0 수:1 뇌:3 빙:0 용:0,마비 내성 Lv 2,5
알브로S헤드,머리,52,2 1 -,화:0 수:2 뇌:1 빙:-1 용:0,탄도 강화 Lv 2,5
도베르헬름,머리,52,1 1 -,화:-2 수:0 뇌:0 빙:0 용:4,공격 Lv 1용속성 공격 강화 Lv 1재난대처능력 Lv 1,5
스컬S헤드,머리,50,3 2 -,화:-3 수:-3 뇌:-3 빙:-3 용:4,불굴 Lv 1,5
레이아S헬름,머리,52,2 1 -,화:3 수:0 뇌:-2 빙:0 용:-3,속성 피해 내성 Lv 1,5
바살S헬름,머리,52,2 1 -,화:0 수:-2 뇌:1 빙:1 용:-3,방어 Lv 2포탄 장전 Lv 1,5
쥬라헬름,머리,48,2 1 -,화:-1 수:2 뇌:-3 빙:0 용:0,공격적인 방어 Lv 1회피 거리 UP Lv 1,5
푸케푸케S헬름,머리,50,2 - -,화:0 수:3 뇌:-3 빙:0 용:1,탄환 절약 Lv 1특수 사격 강화 Lv 1,5
텐고S헬름,머리,52,1 - -,화:-2 수:2 뇌:2 빙:-4 용:2,기절 내성 Lv 1아이템 사용 강화 Lv 1광역화 Lv 1,5
"스칼다S테스타,남성용",머리,32,2 - -,화:3 수:-1 뇌:-1 빙:-1 용:3,독속성 강화 Lv 2,4
보로스S헬름,머리,50,2 1 -,화:-3 수:-1 뇌:3 빙:-1 용:0,공격 Lv 1공격적인 방어 Lv 1방어 Lv 1,4
루드로스S헬름,머리,48,1 1 -,화:-3 수:4 뇌:-1 빙:0 용:0,완전 충전 Lv 1런너 Lv 1,4
랑그로S헬름,머리,50,1 1 -,화:2 수:-3 뇌:0 빙:-1 용:1,마비속성 강화 Lv 2둔기 사용 Lv 1,4
재기S페이크,머리,36,2 - -,화:0 수:0 뇌:0 빙:0 용:0,활주 강화 Lv 1,4
"팽고S페이크,[1]",머리,36,1 - -,화:0 수:4 뇌:-2 빙:0 용:0,둔기 사용 Lv 2,4
리노프로S헬름,머리,42,1 - -,화:2 수:0 뇌:0 빙:-2 용:0,관통탄/관통화살 강화 Lv 2기절 내성 Lv 1,4
즈와로S후드,머리,42,3 - -,화:-2 수:2 뇌:0 빙:-1 용:1,만족감 Lv 1양동 Lv 1,4
에델S프롤,머리,40,2 2 -,화:-1 수:3 뇌:-1 빙:0 용:0,독 내성 Lv 2,4
혼돈의파오-패,머리,40,1 1 -,화:2 수:-2 뇌:0 빙:0 용:0,버섯 애호가 Lv 1,4
잉곳S헬름,머리,40,3 1 -,화:-1 수:-1 뇌:1 빙:0 용:0,풍압 내성 Lv 1,4
요츠미S헬름,머리,40,1 - -,화:-1 수:4 뇌:-2 빙:1 용:0,통상탄/연사화살 강화 Lv 1빨리 먹기 Lv 1,4
푸루푸루S헬름,머리,38,1 - -,화:-4 수:1 뇌:4 빙:2 용:1,집중 Lv 1체력 회복량 UP Lv 1,4
아케노S헬름,머리,38,2 - -,화:3 수:-3 뇌:-1 빙:0 용:0,불속성 공격 강화 Lv 1납도술 Lv 1,4
"울크S헬름,[2]",머리,36,3 - -,화:-3 수:1 뇌:0 빙:3 용:0,얼음속성 공격 강화 Lv 2간파 Lv 1,4
아시라S헬름,머리,36,1 1 -,화:-2 수:0 뇌:-2 빙:0 용:0,방어 Lv 1불굴 Lv 1,4
프로기S헬름,머리,38,1 - -,화:2 수:-2 뇌:1 빙:-4 용:0,속사 강화 Lv 1회피 거리 UP Lv 1,4
쿠루루S헬름,머리,38,1 1 -,화:0 수:-3 뇌:0 빙:1 용:0,혼신 Lv 1,4
바기S헬름,머리,36,2 1 -,화:-4 수:-1 뇌:-1 빙:2 용:1,얼음속성 공격 강화 Lv 2,4
이즈치S헬름,머리,36,1 1 -,화:2 수:-1 뇌:-2 빙:0 용:0,간파 Lv 1,4
브나하S해트,머리,34,2 - -,화:-2 수:0 뇌:0 빙:0 용:2,반동 경감 Lv 2독속성 강화 Lv 1,4
"스파이오S테스타,여성용",머리,32,2 - -,화:3 수:-1 뇌:-1 빙:-1 용:3,독속성 강화 Lv 2,4
본S헬름,머리,32,1 - -,화:0 수:0 뇌:0 빙:-1 용:0,스태미나 탈취 Lv 1파괴왕 Lv 1,4
얼로이S헬름,머리,32,1 - -,화:-1 수:0 뇌:-1 빙:-1 용:0,물속성 공격 강화 Lv 1칼날 연마 Lv 1,4
헌터S헬름,머리,32,2 - -,화:0 수:0 뇌:0 빙:0 용:0,아이템 사용 강화 Lv 1,4
체인S헤드,머리,32,2 - -,화:0 수:0 뇌:1 빙:0 용:0,방어 Lv 1식생학 Lv 1,4
레더S헤드,머리,30,1 1 -,화:0 수:0 뇌:0 빙:0 용:0,지질학 Lv 1배고픔 내성 Lv 1,4
카무라두건-패,머리,30,1 - -,화:2 수:0 뇌:0 빙:0 용:0,돌파구 Lv 1정령의 가호 Lv 1,4
"이면우츠시가면,남성용",머리,24,-,화:3 수:0 뇌:0 빙:0 용:0,명검 Lv 1탄환 절약 Lv 1,3
"표면우츠시복면,남성용",머리,24,-,화:3 수:0 뇌:0 빙:0 용:0,빨리 먹기 Lv 1만족감 Lv 1,3
"르와가테스타,남성용",머리,24,-,화:-2 수:0 뇌:3 빙:-2 용:2,회심격[속성] Lv 1,3
디아블로헬름,머리,30,-,화:3 수:-1 뇌:-1 빙:-3 용:-1,스태미나 급속 회복 Lv 1가드 성능 Lv 1,3
렉스헬름,머리,30,-,화:2 수:0 뇌:-3 빙:0 용:-2,빨리 먹기 Lv 1귀마개 Lv 1,3
오로미도헬름,머리,30,-,화:-4 수:3 뇌:3 빙:-2 용:-2,고속 변형 Lv 1,3
고샤헬름,머리,30,-,화:-4 수:1 뇌:-1 빙:4 용:0,도전자 Lv 1,3
스컬헤드,머리,28,-,화:-3 수:-3 뇌:-3 빙:-3 용:4,불굴 Lv 1,3
진오우헬름,머리,28,-,화:0 수:-1 뇌:4 빙:-4 용:1,간파 Lv 1힘의 해방 Lv 1,3
레우스헬름,머리,28,-,화:4 수:0 뇌:-2 빙:0 용:-4,공격 Lv 1불속성 공격 강화 Lv 1,3
미츠네헬름,머리,26,-,화:0 수:2 뇌:-3 빙:1 용:-1,물속성 공격 강화 Lv 1,3
나르가헬름,머리,26,-,화:-2 수:1 뇌:-3 빙:1 용:1,회피 성능 Lv 1,3
"쟈나프헬름,[1]",머리,26,-,화:3 수:-3 뇌:-1 빙:-1 용:0,집중 Lv 1KO술 Lv 1,3
마가이투구,머리,28,-,화:3 수:-3 뇌:-2 빙:1 용:1,앙심 Lv 1역습 Lv 1,3
브리게이드로포스,머리,26,-,화:1 수:0 뇌:2 빙:0 용:2,식생학 Lv 2,3
"무복상투,여성용",머리,24,-,화:3 수:0 뇌:0 빙:0 용:0,명검 Lv 1탄환 절약 Lv 1,3
"무녀상투,여성용",머리,24,-,화:3 수:0 뇌:0 빙:0 용:0,빨리 먹기 Lv 1만족감 Lv 1,3
메듀레트해트,머리,24,-,화:1 수:3 뇌:0 빙:2 용:0,정령의 가호 Lv 1,3
"파르메르테스타,여성용",머리,24,-,화:-2 수:0 뇌:3 빙:-2 용:2,회심격[속성] Lv 1,3
마카르파후드,머리,24,-,화:1 수:2 뇌:-2 빙:0 용:0,수면 내성 Lv 1,3
"스칼다테스타,남성용",머리,12,-,화:3 수:-1 뇌:-1 빙:-1 용:3,독속성 강화 Lv 1,2
카가치헬름,머리,20,-,화:0 수:-3 뇌:3 빙:0 용:0,점프 철인 Lv 1,2
벨리오헬름,머리,20,-,화:-5 수:0 뇌:-1 빙:3 용:0,발도술[기] Lv 1,2
레이아헬름,머리,22,-,화:3 수:0 뇌:-2 빙:0 용:-3,속성 피해 내성 Lv 1,2
이소네헬름,머리,22,-,화:-1 수:2 뇌:-3 빙:0 용:1,수면속성 강화 Lv 1,2
바살헬름,머리,22,-,화:0 수:-2 뇌:1 빙:1 용:-3,방어 Lv 1,2
푸케푸케헬름,머리,20,-,화:0 수:3 뇌:-3 빙:0 용:1,특수 사격 강화 Lv 1,2
텐고헬름,머리,22,-,화:-2 수:2 뇌:2 빙:-4 용:2,기절 내성 Lv 1아이템 사용 강화 Lv 1,2
랑그로헬름,머리,20,-,화:2 수:-3 뇌:0 빙:-1 용:1,마비속성 강화 Lv 1,2
재기페이크,머리,14,-,화:0 수:0 뇌:0 빙:0 용:0,활주 강화 Lv 1,2
가브라스헤드,머리,18,-,화:1 수:1 뇌:1 빙:1 용:2,풍압 내성 Lv 2,2
불팽고페이크,머리,14,-,화:0 수:4 뇌:-2 빙:0 용:0,둔기 사용 Lv 1,2
가구아페이크,머리,14,-,화:-3 수:-2 뇌:-2 빙:1 용:0,뛰어들기 Lv 1,2
바이크헬름,머리,18,-,화:0 수:3 뇌:-2 빙:-1 용:0,장전 확장 Lv 1,2
마기르프롤,머리,18,-,화:-3 수:1 뇌:0 빙:3 용:0,폭파 피해 내성 Lv 1,2
데스기어게힐,머리,18,-,화:3 수:1 뇌:1 빙:-1 용:0,용 내성 Lv 2,2
멜호아프롤,머리,18,-,화:0 수:1 뇌:3 빙:0 용:0,마비 내성 Lv 1,2
잉곳헬름,머리,18,-,화:-1 수:-1 뇌:1 빙:0 용:0,풍압 내성 Lv 1,2
요츠미헬름,머리,18,-,화:-1 수:4 뇌:-2 빙:1 용:0,빨리 먹기 Lv 1,2
푸루푸루헬름,머리,16,-,화:-4 수:1 뇌:4 빙:2 용:1,체력 회복량 UP Lv 1,2
보로스헬름,머리,18,-,화:-3 수:-1 뇌:3 빙:-1 용:0,공격 Lv 1,2
루드로스헬름,머리,18,-,화:-3 수:4 뇌:-1 빙:0 용:0,물속성 공격 강화 Lv 1,2
아케노헬름,머리,16,-,화:3 수:-3 뇌:-1 빙:0 용:0,불속성 공격 강화 Lv 1,2
프로기헬름,머리,16,-,화:2 수:-2 뇌:1 빙:-4 용:0,회피 거리 UP Lv 1,2
쿠루루헬름,머리,16,-,화:0 수:-3 뇌:0 빙:1 용:0,혼신 Lv 1,2
브나하해트,머리,14,-,화:-2 수:0 뇌:0 빙:0 용:2,반동 경감 Lv 1,2
리노프로헬름,머리,14,-,화:2 수:0 뇌:0 빙:-2 용:0,관통탄/관통화살 강화 Lv 1,2
즈와로후드,머리,14,-,화:-2 수:2 뇌:0 빙:-1 용:1,만족감 Lv 1,2
알브로헤드,머리,12,-,화:0 수:2 뇌:1 빙:-1 용:0,물 내성 Lv 1,2
"스파이오테스타,여성용",머리,12,-,화:3 수:-1 뇌:-1 빙:-1 용:3,독속성 강화 Lv 1,2
에델프롤,머리,12,-,화:-1 수:3 뇌:-1 빙:0 용:0,독 내성 Lv 1,2
혼돈의파오,머리,12,-,화:2 수:-2 뇌:0 빙:0 용:0,버섯 애호가 Lv 1,2
본헬름,머리,10,-,화:0 수:0 뇌:0 빙:-1 용:0,파괴왕 Lv 1,2
얼로이헬름,머리,10,-,화:-1 수:0 뇌:-1 빙:-1 용:0,물속성 공격 강화 Lv 1,2
울크헬름,머리,10,-,화:-3 수:1 뇌:0 빙:4 용:0,간파 Lv 1,1
아시라헬름,머리,10,-,화:-2 수:0 뇌:-2 빙:0 용:0,불굴 Lv 1,1
바기헬름,머리,10,-,화:-4 수:-1 뇌:-1 빙:2 용:1,얼음속성 공격 강화 Lv 1,1
이즈치헬름,머리,10,-,화:2 수:-1 뇌:-2 빙:0 용:0,간파 Lv 1,1
헌터헬름,머리,4,-,화:0 수:0 뇌:0 빙:0 용:0,아이템 사용 강화 Lv 1,1
체인헤드,머리,4,-,화:0 수:0 뇌:1 빙:0 용:0,식생학 Lv 1방어 Lv 1,1
레더헤드,머리,1,-,화:0 수:0 뇌:0 빙:0 용:0,배고픔 내성 Lv 1,1
카무라두건,머리,1,-,화:1 수:0 뇌:0 빙:0 용:0,정령의 가호 Lv 1,1
"프라그마메일,여성용",몸통,122,3 1 1,화:-2 수:2 뇌:-1 빙:2 용:-4,분투 Lv 2장인 Lv 3장전 확장 Lv 3,10
프라이멀메일,몸통,125,4 4 2,화:-2 수:2 뇌:2 빙:-1 용:-5,혈기각성 Lv 1연격 Lv 1,10
"버추스메일,남성용",몸통,122,3 1 1,화:-2 수:2 뇌:-1 빙:2 용:-4,분투 Lv 2장인 Lv 3장전 확장 Lv 3,10
황천[옷],몸통,125,4 4 1,화:-3 수:4 뇌:0 빙:0 용:-5,천의무붕 Lv 1슈퍼회심 Lv 1,10
"네피림메일,여성용",몸통,118,3 1 -,화:-4 수:3 뇌:-2 빙:2 용:-4,분투 Lv 1간파 Lv 2슈퍼회심 Lv 2,10
라비나메일,몸통,123,4 2 1,화:-3 수:2 뇌:-1 빙:4 용:-1,냉기 연성 Lv 1납도술 Lv 3,10
혁요의메일-역,몸통,121,4 4 -,화:-2 수:-2 뇌:-2 빙:-2 용:3,용기 변환 Lv 1용 내성 Lv 3공격 Lv 1,10
리발크샤나이람,몸통,124,3 2 1,화:-1 수:2 뇌:-2 빙:3 용:-3,강각의 은혜 Lv 2공격 Lv 2명검 Lv 2탄환 절약 Lv 2,10
"리발카이저메일,[2]",몸통,124,2 2 -,화:4 수:-4 뇌:1 빙:-1 용:-3,분진전 Lv 1약점 특효 Lv 1간파 Lv 3,10
"카오스메일,남성용",몸통,118,3 1 -,화:-4 수:3 뇌:-2 빙:2 용:-4,분투 Lv 1간파 Lv 2슈퍼회심 Lv 2,10
미즈하의복-각성,몸통,125,4 - -,화:-5 수:1 뇌:0 빙:3 용:-3,축적 시 공격 강화 Lv 1하피의 은혜 Lv 2밧줄벌레꾼 Lv 1,10
음양인수의,몸통,120,3 2 1,화:2 수:0 뇌:-1 빙:-3 용:1,선위 Lv 1약점 특효 Lv 1스태미나 급속 회복 Lv 2,10
에스피나Z무스켈,몸통,122,2 2 -,화:3 수:-4 뇌:-1 빙:2 용:-3,차지 마스터 Lv 1런너 Lv 2공격 Lv 2,10
월광홑옷,몸통,118,3 1 -,화:3 수:3 뇌:0 빙:-5 용:-2,기습 Lv 1슈퍼회심 Lv 1도전자 Lv 2,10
"실버솔메일,[2]",몸통,122,4 3 1,화:4 수:-4 뇌:-3 빙:-2 용:3,약점 특효[속성] Lv 1회심격[속성] Lv 1불속성 공격 강화 Lv 3,10
골드루나메일,몸통,120,3 2 -,화:3 수:-3 뇌:-4 빙:-1 용:2,현여반석 Lv 2역습 Lv 2정령의 가호 Lv 3,10
프라이드메일,몸통,123,3 - -,화:3 수:0 뇌:-2 빙:-3 용:-1,근성 Lv 1공격 Lv 1빨리 먹기 Lv 2,10
거점사령관의갑옷,몸통,118,3 3 -,화:1 수:1 뇌:1 빙:1 용:1,차지 마스터 Lv 1발도술[기] Lv 1,10
"마가이갑옷-원,[1]",몸통,124,4 1 -,화:3 수:-3 뇌:-2 빙:1 용:1,업개[수라] Lv 1밧줄벌레꾼 Lv 2,10
노천겉옷,몸통,122,3 - -,화:2 수:1 뇌:3 빙:-5 용:2,연격 Lv 1혼신 Lv 2회피 거리 UP Lv 1,10
혁요의메일-진,몸통,124,4 1 -,화:-2 수:-2 뇌:-2 빙:-2 용:3,용기 활성 Lv 1돌파구 Lv 2,10
천둥의가슴-진,몸통,122,2 - -,화:2 수:1 뇌:4 빙:-3 용:-4,뇌문의 일치 Lv 1체술 Lv 1발도술[기] Lv 1풍뢰합일 Lv 1,10
돌풍의가슴-진,몸통,122,2 - -,화:-1 수:0 뇌:0 빙:0 용:-2,풍문의 일치 Lv 1가드 성능 Lv 1움찔 감소 Lv 1풍뢰합일 Lv 1,10
"명연전갑 이레바우로,[1]",몸통,126,3 2 -,화:0 수:3 뇌:-2 빙:3 용:-5,약점 특효 Lv 1앙심 Lv 1연격 Lv 1,10
길드팰리스메일,몸통,120,4 - -,화:1 수:2 뇌:2 빙:1 용:1,도전자 Lv 2재난대처능력 Lv 1,9
세일러슈트,몸통,114,1 1 -,화:0 수:0 뇌:0 빙:0 용:0,회피 성능 Lv 4밧줄벌레꾼 Lv 1,9
메듀레트X베스트,몸통,114,2 2 -,화:1 수:3 뇌:0 빙:2 용:0,폭파속성 강화 Lv 2집중 Lv 1KO술 Lv 1,9
시커베스트,몸통,114,2 2 -,화:2 수:2 뇌:2 빙:2 용:2,행운 Lv 2회복 속도 Lv 1,9
사쥬슈트,몸통,114,2 2 1,화:0 수:0 뇌:0 빙:0 용:0,속성 피해 내성 Lv 3만족감 Lv 1,9
"샤리테재킷,여성용",몸통,114,1 1 -,화:1 수:1 뇌:1 빙:1 용:1,귀마개 Lv 3배고픔 내성 Lv 1,9
"프로프재킷,남성용",몸통,114,1 1 -,화:1 수:1 뇌:1 빙:1 용:1,귀마개 Lv 3배고픔 내성 Lv 1,9
멜제메일,몸통,120,2 1 -,화:-2 수:2 뇌:2 빙:-1 용:-5,혈기 Lv 1약점 특효 Lv 1파괴왕 Lv 1,9
"필리아메일,여성용",몸통,120,2 - -,화:-2 수:2 뇌:-1 빙:2 용:-4,광룡증[식] Lv 1돌파구 Lv 2회심격[속성] Lv 1,9
"아크메일,[1] 남성용",몸통,120,2 - -,화:-2 수:2 뇌:-1 빙:2 용:-4,광룡증[식] Lv 1돌파구 Lv 2회심격[속성] Lv 1,9
"카이저X메일,[2]",몸통,120,1 1 -,화:4 수:-4 뇌:1 빙:-1 용:-3,간파 Lv 2달인의 재주 Lv 2탄도 강화 Lv 2,9
미즈하가슴보호대-진,몸통,120,2 1 1,화:-5 수:1 뇌:0 빙:3 용:-3,심안 Lv 1탄도 강화 Lv 1회피 성능 Lv 3,9
크샤나X딜,몸통,120,2 2 -,화:-1 수:2 뇌:-2 빙:3 용:-3,회복 속도 Lv 3장인 Lv 2장전 확장 Lv 2,9
다마스크X메일,몸통,114,2 1 -,화:-1 수:2 뇌:-3 빙:1 용:-1,내진 Lv 1장인 Lv 2관통탄/관통화살 강화 Lv 2,9
"바젤X메일,[1]",몸통,118,1 1 -,화:3 수:1 뇌:-4 빙:-2 용:-2,가드 강화 Lv 2도전자 Lv 2명검 Lv 1,9
제천겉옷-진,몸통,116,3 - -,화:2 수:1 뇌:3 빙:-5 용:2,재난대처능력 Lv 1혼신 Lv 1힘의 해방 Lv 2,9
그로시아메일,몸통,112,4 1 -,화:0 수:0 뇌:0 빙:3 용:0,내진 Lv 1스태미나 탈취 Lv 1공격 Lv 1,9
발바니아베스트,몸통,110,2 2 1,화:1 수:1 뇌:1 빙:1 용:1,파괴왕 Lv 1역습 Lv 1앙심 Lv 1,9
디그니재킷,몸통,112,2 1 -,화:1 수:1 뇌:1 빙:1 용:1,고속 변형 Lv 1회피 성능 Lv 1회피 거리 UP Lv 2,9
"에콜슈트,여성용",몸통,110,2 1 -,화:0 수:0 뇌:0 빙:0 용:0,체술 Lv 1납도술 Lv 1행운 Lv 1,9
"호크슈트,남성용",몸통,110,2 1 -,화:0 수:0 뇌:0 빙:0 용:0,체술 Lv 1납도술 Lv 1행운 Lv 1,9
중장기사의갑옷,몸통,114,1 1 -,화:1 수:1 뇌:1 빙:1 용:1,가드 성능 Lv 1포술 Lv 2공격적인 방어 Lv 1,9
에스피나무스켈,몸통,116,4 - -,화:3 수:-1 뇌:2 빙:-3 용:-2,공세 Lv 1파괴왕 Lv 2,9
루나가로메일,몸통,114,4 - -,화:-4 수:2 뇌:-1 빙:4 용:-1,도전자 Lv 2합기 Lv 1,9
젝스메일,몸통,114,3 1 -,화:0 수:-1 뇌:4 빙:-3 용:0,연격 Lv 1스태미나 급속 회복 Lv 2,9
레기오스메일,몸통,114,3 - -,화:4 수:0 뇌:-3 빙:-2 용:0,칼날비늘 연마 Lv 1회피 성능 Lv 3,9
고어메일,몸통,112,2 1 -,화:-2 수:3 뇌:-1 빙:2 용:-1,전화위복 Lv 1체술 Lv 3,9
디아블로X메일,몸통,118,3 - -,화:3 수:-1 뇌:-1 빙:-3 용:-1,가드 성능 Lv 2공격적인 방어 Lv 1,9
렉스X메일,몸통,118,2 1 -,화:2 수:0 뇌:-3 빙:0 용:-2,귀마개 Lv 2완전 충전 Lv 1,9
진오우X메일,몸통,116,1 1 1,화:0 수:-1 뇌:4 빙:-4 용:1,힘의 해방 Lv 1약점 특효 Lv 2번개속성 공격 강화 Lv 2,9
레우스X메일,몸통,114,3 - -,화:3 수:1 뇌:-2 빙:1 용:-3,공격 Lv 1파괴왕 Lv 1귀마개 Lv 1,9
미츠네X메일,몸통,114,2 - -,화:0 수:2 뇌:-3 빙:1 용:-1,거품의 춤 Lv 1돌파구 Lv 1체술 Lv 2,9
가브라스슈트X보디,몸통,112,3 1 1,화:1 수:1 뇌:1 빙:1 용:3,슈퍼회심 Lv 1독속성 강화 Lv 2,9
코트르X메일,몸통,112,2 1 1,화:4 수:-2 뇌:0 빙:-1 용:0,가드 강화 Lv 2특수 사격 강화 Lv 2회피 성능 Lv 1,9
"무녀백의-요,여성용",몸통,110,2 1 -,화:3 수:0 뇌:0 빙:0 용:0,광역화 Lv 1행운 Lv 1체력 회복량 UP Lv 1,9
"이면우츠시상의-진,남성용",몸통,110,1 - -,화:3 수:0 뇌:0 빙:0 용:0,명검 Lv 1탄환 절약 Lv 1회피 성능 Lv 3도전자 Lv 1,9
"무복백의-광,여성용",몸통,110,1 - -,화:3 수:0 뇌:0 빙:0 용:0,명검 Lv 1탄환 절약 Lv 1회피 성능 Lv 3도전자 Lv 1,9
"표면우츠시상의-진,남성용",몸통,110,2 1 -,화:3 수:0 뇌:0 빙:0 용:0,광역화 Lv 1행운 Lv 1체력 회복량 UP Lv 1,9
"야츠카다Z메일,[1]",몸통,112,2 2 1,화:2 수:-4 뇌:2 빙:-2 용:2,혼신 Lv 1밧줄벌레꾼 Lv 2,9
오로미도Z메일,몸통,112,4 1 -,화:5 수:-5 뇌:0 빙:-4 용:0,돌파구 Lv 1재난대처능력 Lv 2,9
야츠카다X메일,몸통,108,3 1 -,화:4 수:-2 뇌:-1 빙:-3 용:0,산탄/확산화살 강화 Lv 1장전 속도 Lv 2탄환 절약 Lv 1,8
"오로미도X메일,[1]",몸통,108,4 - -,화:-4 수:3 뇌:3 빙:-2 용:-2,명검 Lv 2강화 지속 Lv 1,8
기자미메일,몸통,108,2 - -,화:-3 수:1 뇌:-4 빙:-1 용:2,연마술[예] Lv 1런너 Lv 2간파 Lv 1,8
고르무메일,몸통,112,4 1 1,화:-1 수:3 뇌:-2 빙:0 용:2,움찔 감소 Lv 3내진 Lv 2,8
고샤X메일,몸통,106,2 1 -,화:-4 수:1 뇌:-1 빙:4 용:0,발도술[기] Lv 1앙심 Lv 3,8
"나르가X메일,[2]",몸통,108,3 1 -,화:-2 수:1 뇌:-3 빙:1 용:1,회피 성능 Lv 1간파 Lv 2움찔 감소 Lv 1,8
마가이갑옷-진,몸통,110,2 - -,화:3 수:-3 뇌:-2 빙:1 용:1,귀화전 Lv 1앙심 Lv 1귀마개 Lv 1,8
벨리오X메일,몸통,108,2 2 1,화:-5 수:0 뇌:-1 빙:3 용:0,납도술 Lv 1혼신 Lv 2,8
브리게이드X슈트,몸통,106,3 2 -,화:1 수:0 뇌:2 빙:0 용:2,포획 명인 Lv 1지질학 Lv 1런너 Lv 1,8
가디언슈트,몸통,108,4 1 -,화:2 수:0 뇌:0 빙:2 용:3,가드 성능 Lv 1숫돌 사용 고속화 Lv 1속성 피해 내성 Lv 1,8
"스콜라슈트,여성용",몸통,104,4 - -,화:0 수:0 뇌:0 빙:0 용:0,회피 성능 Lv 1정령의 가호 Lv 1행운 Lv 1,8
"길드버드슈트,남성용",몸통,104,4 - -,화:0 수:0 뇌:0 빙:0 용:0,회피 성능 Lv 1정령의 가호 Lv 1행운 Lv 1,8
포술대[몸통],몸통,106,-,화:1 수:1 뇌:1 빙:1 용:1,탄도 강화 Lv 3반동 경감 Lv 1회피 거리 UP Lv 1,8
"파르메르X펫,여성용",몸통,110,1 1 -,화:-2 수:0 뇌:3 빙:-2 용:2,회심격[속성] Lv 1간파 Lv 3용속성 공격 강화 Lv 1,8
"르와가X펫,남성용",몸통,110,1 1 -,화:-2 수:0 뇌:3 빙:-2 용:2,회심격[속성] Lv 1간파 Lv 3용속성 공격 강화 Lv 1,8
마카르파X페플럼,몸통,104,2 1 -,화:1 수:2 뇌:-2 빙:0 용:0,물속성 공격 강화 Lv 3빨리 먹기 Lv 1스태미나 급속 회복 Lv 1,8
데스기어X무스켈,몸통,110,2 - -,화:3 수:1 뇌:1 빙:-1 용:0,불굴 Lv 1고속 변형 Lv 2숫돌 사용 고속화 Lv 1,8
마기르X토론코,몸통,100,4 1 -,화:-3 수:1 뇌:0 빙:3 용:0,튠 업 Lv 1흔들림 억제 Lv 1,8
바이크X메일,몸통,100,3 2 1,화:0 수:3 뇌:-2 빙:-1 용:0,배고픔 내성 Lv 1,8
도베르X메일,몸통,104,1 - -,화:-2 수:0 뇌:0 빙:0 용:4,용속성 공격 강화 Lv 1집중 Lv 1강화 지속 Lv 1재난대처능력 Lv 2,8
쟈나프X메일,몸통,98,1 1 -,화:3 수:-3 뇌:-1 빙:-1 용:0,집중 Lv 2런너 Lv 1도전자 Lv 1,8
카가치X메일,몸통,96,4 - -,화:0 수:-3 뇌:3 빙:0 용:0,심안 Lv 1간파 Lv 1회심격[속성] Lv 1,8
레이아X메일,몸통,96,4 1 1,화:3 수:0 뇌:-2 빙:0 용:-3,체력 회복량 UP Lv 1독 내성 Lv 2만족감 Lv 1,8
"이소네Z메일,[1]",몸통,108,4 - -,화:-3 수:1 뇌:-1 빙:3 용:2,회심격[속성] Lv 1도전자 Lv 2,8
이소네X메일,몸통,96,3 1 1,화:-1 수:2 뇌:-3 빙:0 용:1,수면속성 강화 Lv 1장전 확장 Lv 1,8
바살X메일,몸통,100,1 1 -,화:0 수:-2 뇌:1 빙:1 용:-3,가드 성능 Lv 2포탄 장전 Lv 1힘의 해방 Lv 1,8
쥬라X메일,몸통,96,1 1 1,화:-1 수:2 뇌:-3 빙:0 용:0,강화 지속 Lv 2회피 거리 UP Lv 1앙심 Lv 1튠 업 Lv 1,8
푸케푸케X메일,몸통,96,2 - -,화:0 수:3 뇌:-3 빙:0 용:1,특수 사격 강화 Lv 1체술 Lv 3숫돌 사용 고속화 Lv 2,8
텐고Z메일,몸통,96,4 1 1,화:2 수:-4 뇌:-2 빙:0 용:2,납도술 Lv 1불 내성 Lv 2회복 속도 Lv 3,8
텐고X메일,몸통,96,4 - -,화:-2 수:2 뇌:2 빙:-4 용:2,광역화 Lv 3,8
푸루푸루X메일,몸통,96,1 1 1,화:-4 수:1 뇌:4 빙:2 용:1,벽면 이동 Lv 2체력 회복량 UP Lv 2,8
즈와로X망토,몸통,92,4 1 -,화:-2 수:2 뇌:0 빙:-1 용:1,만족감 Lv 2아이템 사용 강화 Lv 2,8
유쿠모의 상의,몸통,92,1 - -,화:0 수:0 뇌:2 빙:0 용:0,간파 Lv 1귀마개 Lv 2,8
"경장기사의가슴보호대,[1]",몸통,100,1 1 -,화:1 수:1 뇌:1 빙:1 용:1,명검 Lv 1움찔 감소 Lv 1공격적인 방어 Lv 2,8
오행의 사냥복,몸통,100,4 - -,화:0 수:0 뇌:0 빙:0 용:3,속성 피해 내성 Lv 1심안 Lv 2,8
멜호아X토론코,몸통,92,4 1 -,화:0 수:1 뇌:3 빙:0 용:0,식생학 Lv 2체력 회복량 UP Lv 1정령의 가호 Lv 1,8
알브로X베스트,몸통,96,1 1 -,화:0 수:2 뇌:1 빙:-1 용:0,통상탄/연사화살 강화 Lv 1관통탄/관통화살 강화 Lv 1튠 업 Lv 1,8
에델X토론코,몸통,96,3 1 -,화:-1 수:3 뇌:-1 빙:0 용:0,체력 회복량 UP Lv 2광역화 Lv 1,8
혼돈의카이-진,몸통,98,2 1 -,화:2 수:-2 뇌:0 빙:0 용:0,버섯 애호가 Lv 2피리 명인 Lv 1,8
"스파이오X펫,여성용",몸통,98,3 - -,화:3 수:-1 뇌:-1 빙:-1 용:3,힘의 해방 Lv 2심안 Lv 1,8
"스칼다X펫,남성용",몸통,98,3 - -,화:3 수:-1 뇌:-1 빙:-1 용:3,힘의 해방 Lv 2심안 Lv 1,8
잉곳X메일,몸통,94,3 1 -,화:-1 수:-1 뇌:1 빙:0 용:0,풍압 내성 Lv 2간파 Lv 2,8
요츠미X메일,몸통,90,2 - -,화:-1 수:4 뇌:-2 빙:1 용:0,통상탄/연사화살 강화 Lv 1회피 거리 UP Lv 1빨리 먹기 Lv 1,8
자자미메일,몸통,94,1 - -,화:-5 수:1 뇌:-3 빙:-1 용:2,가드 성능 Lv 3포탄 장전 Lv 1통상탄/연사화살 강화 Lv 1장전 확장 Lv 1,8
보로스X메일,몸통,94,4 - -,화:-3 수:-1 뇌:3 빙:-1 용:0,공격 Lv 2방어 Lv 2진흙/눈 내성 Lv 2,8
루드로스X메일,몸통,92,4 - -,화:-3 수:4 뇌:-1 빙:0 용:0,스태미나 급속 회복 Lv 2집중 Lv 1,8
아케노X메일,몸통,88,1 1 -,화:3 수:-3 뇌:-1 빙:0 용:0,납도술 Lv 1완전 충전 Lv 1발도술[기] Lv 1,8
랑그로X메일,몸통,94,2 - -,화:2 수:-3 뇌:0 빙:-1 용:1,고속 변형 Lv 1점프 철인 Lv 1귀마개 Lv 1,8
울크X메일,몸통,86,1 1 -,화:-3 수:1 뇌:0 빙:3 용:0,활주 강화 Lv 1체술 Lv 2달인의 재주 Lv 1장전 속도 Lv 1,8
아시라X메일,몸통,86,4 - -,화:-2 수:0 뇌:-2 빙:0 용:0,역습 Lv 1앙심 Lv 1,8
프로기X메일,몸통,88,4 - -,화:2 수:-2 뇌:1 빙:-4 용:0,속사 강화 Lv 1독속성 강화 Lv 1독 내성 Lv 1,8
쿠루루X메일,몸통,86,2 1 -,화:0 수:-3 뇌:0 빙:1 용:0,KO술 Lv 2납도술 Lv 1,8
바기X메일,몸통,86,4 - -,화:-4 수:-1 뇌:-1 빙:2 용:1,공격 Lv 1수면속성 강화 Lv 1,8
이즈치X메일,몸통,86,1 - -,화:2 수:-1 뇌:-2 빙:0 용:0,간파 Lv 2회복 속도 Lv 2회피 성능 Lv 1,8
람포스메일,몸통,86,4 1 -,화:0 수:0 뇌:0 빙:-2 용:0,공격 Lv 1풍압 내성 Lv 1,8
랑고메일,몸통,84,4 1 -,화:-2 수:1 뇌:1 빙:1 용:2,납도술 Lv 1마비 내성 Lv 2,8
타로스메일,몸통,86,4 - -,화:-1 수:-1 뇌:-1 빙:-1 용:4,용속성 공격 강화 Lv 2체력 회복량 UP Lv 1,8
브나하X슈트,몸통,84,3 1 -,화:-2 수:0 뇌:0 빙:0 용:2,마비속성 강화 Lv 1회피 성능 Lv 2,8
드로스X메일,몸통,90,4 2 -,화:-2 수:4 뇌:-1 빙:0 용:0,물속성 공격 강화 Lv 2,8
리노프로X메일,몸통,90,4 1 -,화:2 수:0 뇌:0 빙:-2 용:0,포술 Lv 1기절 내성 Lv 2,8
본X메일,몸통,82,3 - -,화:0 수:0 뇌:0 빙:-1 용:0,스태미나 탈취 Lv 1런너 Lv 2,8
얼로이X메일,몸통,82,3 - -,화:-1 수:0 뇌:-1 빙:-1 용:0,숫돌 사용 고속화 Lv 2칼날 연마 Lv 2,8
헌터X메일,몸통,82,1 - -,화:0 수:0 뇌:0 빙:0 용:0,공격 Lv 1장인 Lv 1아이템 사용 강화 Lv 1,8
체인X베스트,몸통,82,4 - -,화:0 수:0 뇌:1 빙:0 용:0,방어 Lv 1움찔 감소 Lv 2가드 성능 Lv 1,8
레더X베스트,몸통,80,4 - -,화:0 수:0 뇌:0 빙:0 용:0,식생학 Lv 2체력 회복량 UP Lv 1,8
카무라상의-계,몸통,80,1 1 -,화:2 수:0 뇌:0 빙:0 용:0,밧줄벌레꾼 Lv 2벽면 이동 Lv 1간파 Lv 1,8
"푸른빛무사[겉옷],[3]",몸통,72,2 - -,화:2 수:2 뇌:0 빙:0 용:2,체술 Lv 2약점 특효 Lv 1,7
혁요의메일,몸통,80,3 1 -,화:-2 수:-2 뇌:-2 빙:-2 용:3,용기 활성 Lv 1돌파구 Lv 2,7
바젤메일,몸통,72,1 1 -,화:3 수:1 뇌:-4 빙:-2 용:-2,가드 강화 Lv 2도전자 Lv 1,7
카이저메일,몸통,74,1 - -,화:4 수:-4 뇌:1 빙:-1 용:-3,염린의 은혜 Lv 1간파 Lv 1달인의 재주 Lv 1,7
미즈하가슴보호대,몸통,74,1 - -,화:-5 수:1 뇌:0 빙:3 용:-3,하피의 은혜 Lv 1독속성 강화 Lv 1심안 Lv 1탄도 강화 Lv 1,7
크샤나딜,몸통,74,2 - -,화:-1 수:2 뇌:-2 빙:3 용:-3,강각의 은혜 Lv 1회복 속도 Lv 1양동 Lv 1,7
다마스크메일,몸통,68,1 1 -,화:-1 수:2 뇌:-3 빙:1 용:-1,내진 Lv 1장인 Lv 1,7
천둥의가슴,몸통,76,-,화:2 수:1 뇌:4 빙:-3 용:-4,체술 Lv 1발도술[기] Lv 1뇌문의 일치 Lv 1풍뢰합일 Lv 1,7
돌풍의가슴,몸통,66,-,화:-1 수:0 뇌:0 빙:0 용:-2,가드 성능 Lv 1움찔 감소 Lv 1풍문의 일치 Lv 1풍뢰합일 Lv 1,7
금빛겉옷,몸통,70,2 - -,화:2 수:1 뇌:3 빙:-5 용:2,힘의 해방 Lv 1혼신 Lv 1재난대처능력 Lv 1,7
"르와가S펫,[4] 남성용",몸통,62,1 - -,화:-2 수:0 뇌:3 빙:-2 용:2,간파 Lv 2회심격[속성] Lv 1용속성 공격 강화 Lv 1,6
야츠카다메일,몸통,66,2 1 -,화:4 수:-2 뇌:-1 빙:-3 용:1,산탄/확산화살 강화 Lv 1장전 속도 Lv 1,6
"디아블로S메일,[1]",몸통,64,1 - -,화:3 수:-1 뇌:-1 빙:-3 용:-1,가드 성능 Lv 2공격적인 방어 Lv 1,6
렉스S메일,몸통,64,1 1 -,화:2 수:0 뇌:-3 빙:0 용:-2,귀마개 Lv 2둔기 사용 Lv 1,6
"오로미도S메일,[1]",몸통,64,1 - -,화:-4 수:3 뇌:3 빙:-2 용:-2,명검 Lv 2강화 지속 Lv 1,6
고샤S메일,몸통,64,2 1 -,화:-4 수:1 뇌:-1 빙:4 용:0,앙심 Lv 1발도술[기] Lv 1,6
마가이갑옷-패,몸통,64,2 - -,화:3 수:-3 뇌:-2 빙:1 용:1,앙심 Lv 1귀화전 Lv 1,6
브리게이드S슈트,몸통,62,1 - -,화:1 수:0 뇌:2 빙:0 용:2,지질학 Lv 1포획 명인 Lv 1,6
메듀레트S베스트,몸통,62,2 1 -,화:1 수:3 뇌:0 빙:2 용:0,폭파속성 강화 Lv 2,6
"파르메르S펫,여성용",몸통,62,1 - -,화:-2 수:0 뇌:3 빙:-2 용:2,간파 Lv 2회심격[속성] Lv 1용속성 공격 강화 Lv 1,6
진오우S메일,몸통,62,1 - -,화:0 수:-1 뇌:4 빙:-4 용:1,약점 특효 Lv 1힘의 해방 Lv 1,6
레우스S메일,몸통,62,1 - -,화:3 수:1 뇌:-2 빙:1 용:-3,공격 Lv 1풍압 내성 Lv 1파괴왕 Lv 1,6
미츠네S메일,몸통,60,1 - -,화:0 수:2 뇌:-3 빙:1 용:-1,돌파구 Lv 1거품의 춤 Lv 1,6
"나르가S메일,[1]",몸통,60,1 1 -,화:-2 수:1 뇌:-3 빙:1 용:1,간파 Lv 2회피 성능 Lv 1,6
쟈나프S메일,몸통,60,1 1 -,화:3 수:-3 뇌:-1 빙:-1 용:0,집중 Lv 2런너 Lv 1,6
"이면우츠시상의-패,남성용",몸통,52,1 - -,화:3 수:0 뇌:0 빙:0 용:0,도전자 Lv 1명검 Lv 1탄환 절약 Lv 1회피 성능 Lv 1,5
"표면우츠시상의-패,남성용",몸통,52,1 1 -,화:3 수:0 뇌:0 빙:0 용:0,행운 Lv 1광역화 Lv 1,5
카가치S메일,몸통,58,3 - -,화:0 수:-3 뇌:3 빙:0 용:0,간파 Lv 1심안 Lv 1,5
벨리오S메일,몸통,58,2 1 1,화:-3 수:0 뇌:-1 빙:3 용:0,혼신 Lv 1납도술 Lv 1,5
이소네S메일,몸통,58,1 1 -,화:-1 수:2 뇌:-3 빙:0 용:1,수면속성 강화 Lv 1아이템 사용 강화 Lv 1,5
가브라스슈트S보디,몸통,52,1 1 -,화:1 수:1 뇌:1 빙:1 용:3,슈퍼회심 Lv 1,5
코트르S메일,몸통,52,2 - -,화:4 수:-2 뇌:0 빙:-1 용:0,불속성 공격 강화 Lv 3,5
"무복백의-원,여성용",몸통,52,1 - -,화:3 수:0 뇌:0 빙:0 용:0,도전자 Lv 1명검 Lv 1탄환 절약 Lv 1회피 성능 Lv 1,5
"무녀백의-기,여성용",몸통,52,1 1 -,화:3 수:0 뇌:0 빙:0 용:0,행운 Lv 1광역화 Lv 1,5
마카르파S페플럼,몸통,52,1 - -,화:1 수:2 뇌:-2 빙:0 용:0,물속성 공격 강화 Lv 3,5
"바이크S메일,[3]",몸통,52,3 2 1,화:0 수:3 뇌:-2 빙:-1 용:0,,5
마기르S토론코,몸통,52,2 - -,화:-3 수:1 뇌:0 빙:3 용:0,장전 속도 Lv 2,5
데스기어S무스켈,몸통,52,2 - -,화:3 수:1 뇌:1 빙:-1 용:0,불굴 Lv 1고속 변형 Lv 1,5
멜호아S토론코,몸통,52,1 1 -,화:0 수:1 뇌:3 빙:0 용:0,식생학 Lv 2체력 회복량 UP Lv 1,5
"알브로S베스트,[2]",몸통,52,1 1 -,화:0 수:2 뇌:1 빙:-1 용:0,통상탄/연사화살 강화 Lv 1관통탄/관통화살 강화 Lv 1,5
도베르메일,몸통,52,1 - -,화:-2 수:0 뇌:0 빙:0 용:4,용속성 공격 강화 Lv 1집중 Lv 1강화 지속 Lv 1재난대처능력 Lv 1,5
레이아S메일,몸통,52,3 1 1,화:3 수:0 뇌:-2 빙:0 용:-3,체력 회복량 UP Lv 1식생학 Lv 1,5
바살S메일,몸통,52,1 1 -,화:0 수:-2 뇌:1 빙:1 용:-3,가드 성능 Lv 1포탄 장전 Lv 1,5
쥬라메일,몸통,48,1 1 1,화:-1 수:2 뇌:-3 빙:0 용:0,강화 지속 Lv 2회피 거리 UP Lv 1,5
푸케푸케S메일,몸통,50,1 - -,화:0 수:3 뇌:-3 빙:0 용:1,체술 Lv 2특수 사격 강화 Lv 1,5
텐고S메일,몸통,52,3 - -,화:-2 수:2 뇌:2 빙:-4 용:2,광역화 Lv 1,5
"스칼다S펫,남성용",몸통,32,2 - -,화:3 수:-1 뇌:-1 빙:-1 용:3,힘의 해방 Lv 1,4
보로스S메일,몸통,50,2 - -,화:-3 수:-1 뇌:3 빙:-1 용:0,방어 Lv 2공격 Lv 1,4
루드로스S메일,몸통,48,2 - -,화:-3 수:4 뇌:-1 빙:0 용:0,스태미나 급속 회복 Lv 2,4
랑그로S메일,몸통,50,2 - -,화:2 수:-3 뇌:0 빙:-1 용:1,점프 철인 Lv 1고속 변형 Lv 1,4
드로스S메일,몸통,42,2 1 -,화:-2 수:4 뇌:-1 빙:0 용:0,물속성 공격 강화 Lv 2,4
리노프로S메일,몸통,42,2 1 -,화:2 수:0 뇌:0 빙:-2 용:0,기절 내성 Lv 2포술 Lv 1,4
즈와로S망토,몸통,42,2 1 -,화:-2 수:2 뇌:0 빙:-1 용:1,만족감 Lv 2,4
에델S토론코,몸통,40,1 1 -,화:-1 수:3 뇌:-1 빙:0 용:0,체력 회복량 UP Lv 2,4
혼돈의카이-패,몸통,40,-,화:2 수:-2 뇌:0 빙:0 용:0,버섯 애호가 Lv 2,4
잉곳S메일,몸통,40,2 1 -,화:-1 수:-1 뇌:1 빙:0 용:0,풍압 내성 Lv 2,4
요츠미S메일,몸통,40,1 - -,화:-1 수:4 뇌:-2 빙:1 용:0,통상탄/연사화살 강화 Lv 1회피 거리 UP Lv 1,4
푸루푸루S메일,몸통,38,1 1 -,화:-4 수:1 뇌:4 빙:2 용:1,체력 회복량 UP Lv 1벽면 이동 Lv 1,4
아케노S메일,몸통,38,1 - -,화:3 수:-3 뇌:-1 빙:0 용:0,완전 충전 Lv 1납도술 Lv 1,4
울크S메일,몸통,36,1 1 -,화:-3 수:1 뇌:0 빙:3 용:0,체술 Lv 1활주 강화 Lv 1,4
아시라S메일,몸통,36,2 - -,화:-2 수:0 뇌:-2 빙:0 용:0,역습 Lv 1,4
프로기S메일,몸통,38,1 - -,화:2 수:-2 뇌:1 빙:-4 용:0,독속성 강화 Lv 1속사 강화 Lv 1,4
쿠루루S메일,몸통,38,2 - -,화:0 수:-3 뇌:0 빙:1 용:0,KO술 Lv 2피리 명인 Lv 1,4
바기S메일,몸통,36,1 - -,화:-4 수:-1 뇌:-1 빙:2 용:1,공격 Lv 1얼음속성 공격 강화 Lv 1,4
이즈치S메일,몸통,36,1 - -,화:2 수:-1 뇌:-2 빙:0 용:0,간파 Lv 2회복 속도 Lv 1,4
브나하S슈트,몸통,34,1 1 -,화:-2 수:0 뇌:0 빙:0 용:2,마비속성 강화 Lv 1회피 성능 Lv 1,4
"스파이오S펫,여성용",몸통,32,2 - -,화:3 수:-1 뇌:-1 빙:-1 용:3,힘의 해방 Lv 1,4
본S메일,몸통,32,1 - -,화:0 수:0 뇌:0 빙:-1 용:0,런너 Lv 1스태미나 탈취 Lv 1,4
얼로이S메일,몸통,32,2 - -,화:-1 수:0 뇌:-1 빙:-1 용:0,숫돌 사용 고속화 Lv 2,4
"헌터S메일,[1]",몸통,32,1 - -,화:0 수:0 뇌:0 빙:0 용:0,공격 Lv 1장인 Lv 1,4
체인S베스트,몸통,32,1 - -,화:0 수:0 뇌:1 빙:0 용:0,움찔 감소 Lv 2방어 Lv 1,4
레더S베스트,몸통,30,2 - -,화:0 수:0 뇌:0 빙:0 용:0,식생학 Lv 1,4
카무라상의-패,몸통,30,1 - -,화:2 수:0 뇌:0 빙:0 용:0,밧줄벌레꾼 Lv 2간파 Lv 1벽면 이동 Lv 1,4
"이면우츠시상의,남성용",몸통,24,-,화:3 수:0 뇌:0 빙:0 용:0,명검 Lv 1탄환 절약 Lv 1,3
"표면우츠시상의,남성용",몸통,24,-,화:3 수:0 뇌:0 빙:0 용:0,광역화 Lv 1,3
"르와가펫,남성용",몸통,24,-,화:-2 수:0 뇌:3 빙:-2 용:2,회심격[속성] Lv 1용속성 공격 강화 Lv 1,3
디아블로메일,몸통,30,-,화:3 수:-1 뇌:-1 빙:-3 용:-1,가드 성능 Lv 1,3
렉스메일,몸통,30,-,화:2 수:0 뇌:-3 빙:0 용:-2,둔기 사용 Lv 1귀마개 Lv 1,3
오로미도메일,몸통,30,-,화:-4 수:3 뇌:3 빙:-2 용:-2,명검 Lv 1,3
고샤메일,몸통,30,-,화:-4 수:1 뇌:-1 빙:4 용:0,발도술[기] Lv 1,3
진오우메일,몸통,28,-,화:0 수:-1 뇌:4 빙:-4 용:1,간파 Lv 1힘의 해방 Lv 1,3
레우스메일,몸통,28,-,화:4 수:0 뇌:-2 빙:0 용:-4,풍압 내성 Lv 1파괴왕 Lv 1,3
미츠네메일,몸통,26,-,화:0 수:2 뇌:-3 빙:1 용:-1,물속성 공격 강화 Lv 1거품의 춤 Lv 1,3
나르가메일,몸통,26,-,화:-2 수:1 뇌:-3 빙:1 용:1,간파 Lv 1,3
쟈나프메일,몸통,26,-,화:3 수:-3 뇌:-1 빙:-1 용:0,집중 Lv 1런너 Lv 1,3
마가이갑옷,몸통,28,-,화:3 수:-3 뇌:-2 빙:1 용:1,앙심 Lv 1귀화전 Lv 1,3
브리게이드슈트,몸통,26,-,화:1 수:0 뇌:2 빙:0 용:2,속성 피해 내성 Lv 1,3
"무복백의,여성용",몸통,24,-,화:3 수:0 뇌:0 빙:0 용:0,명검 Lv 1탄환 절약 Lv 1,3
"무녀백의,여성용",몸통,24,-,화:3 수:0 뇌:0 빙:0 용:0,광역화 Lv 1,3
메듀레트베스트,몸통,24,-,화:1 수:3 뇌:0 빙:2 용:0,폭파속성 강화 Lv 1,3
"파르메르펫,여성용",몸통,24,-,화:-2 수:0 뇌:3 빙:-2 용:2,회심격[속성] Lv 1용속성 공격 강화 Lv 1,3
마카르파페플럼,몸통,24,-,화:1 수:2 뇌:-2 빙:0 용:0,물속성 공격 강화 Lv 2,3
"스칼다펫,남성용",몸통,12,-,화:3 수:-1 뇌:-1 빙:-1 용:3,간파 Lv 1,2
카가치메일,몸통,20,-,화:0 수:-3 뇌:3 빙:0 용:0,간파 Lv 1,2
벨리오메일,몸통,20,-,화:-5 수:0 뇌:-1 빙:3 용:0,납도술 Lv 1,2
레이아메일,몸통,22,-,화:3 수:0 뇌:-2 빙:0 용:-3,체력 회복량 UP Lv 1,2
이소네메일,몸통,22,-,화:-1 수:2 뇌:-3 빙:0 용:1,아이템 사용 강화 Lv 1,2
바살메일,몸통,22,-,화:0 수:-2 뇌:1 빙:1 용:-3,가드 성능 Lv 1,2
푸케푸케메일,몸통,20,-,화:0 수:3 뇌:-3 빙:0 용:1,체술 Lv 1,2
텐고메일,몸통,22,-,화:-2 수:2 뇌:2 빙:-4 용:2,광역화 Lv 1,2
랑그로메일,몸통,20,-,화:2 수:-3 뇌:0 빙:-1 용:1,고속 변형 Lv 1,2
가브라스슈트보디,몸통,18,-,화:1 수:1 뇌:1 빙:1 용:2,아이템 사용 강화 Lv 1,2
코트르메일,몸통,18,-,화:4 수:-2 뇌:0 빙:-1 용:0,불 내성 Lv 2,2
바이크메일,몸통,18,-,화:0 수:3 뇌:-2 빙:-1 용:0,흔들림 억제 Lv 1,2
마기르토론코,몸통,18,-,화:-3 수:1 뇌:0 빙:3 용:0,장전 속도 Lv 2,2
데스기어무스켈,몸통,18,-,화:3 수:1 뇌:1 빙:-1 용:0,고속 변형 Lv 1,2
멜호아토론코,몸통,18,-,화:0 수:1 뇌:3 빙:0 용:0,체력 회복량 UP Lv 1식생학 Lv 1,2
잉곳메일,몸통,18,-,화:-1 수:-1 뇌:1 빙:0 용:0,풍압 내성 Lv 1,2
요츠미메일,몸통,18,-,화:-1 수:4 뇌:-2 빙:1 용:0,통상탄/연사화살 강화 Lv 1,2
푸루푸루메일,몸통,16,-,화:-4 수:1 뇌:4 빙:2 용:1,벽면 이동 Lv 1,2
보로스메일,몸통,18,-,화:-3 수:-1 뇌:3 빙:-1 용:0,공격 Lv 1방어 Lv 1,2
루드로스메일,몸통,18,-,화:-3 수:4 뇌:-1 빙:0 용:0,스태미나 급속 회복 Lv 1,2
아케노메일,몸통,16,-,화:3 수:-3 뇌:-1 빙:0 용:0,납도술 Lv 1,2
프로기메일,몸통,16,-,화:2 수:-2 뇌:1 빙:-4 용:0,독속성 강화 Lv 1,2
쿠루루메일,몸통,16,-,화:0 수:-3 뇌:0 빙:1 용:0,피리 명인 Lv 1,2
브나하슈트,몸통,14,-,화:-2 수:0 뇌:0 빙:0 용:2,마비속성 강화 Lv 1,2
드로스메일,몸통,14,-,화:-2 수:4 뇌:-1 빙:0 용:0,물 내성 Lv 1,2
리노프로메일,몸통,14,-,화:2 수:0 뇌:0 빙:-2 용:0,포술 Lv 1기절 내성 Lv 1,2
즈와로망토,몸통,14,-,화:-2 수:2 뇌:0 빙:-1 용:1,만족감 Lv 1,2
알브로베스트,몸통,12,-,화:0 수:2 뇌:1 빙:-1 용:0,장전 속도 Lv 1,2
"스파이오펫,여성용",몸통,12,-,화:3 수:-1 뇌:-1 빙:-1 용:3,간파 Lv 1,2
에델토론코,몸통,12,-,화:-1 수:3 뇌:-1 빙:0 용:0,체력 회복량 UP Lv 1,2
혼돈의카이,몸통,12,-,화:2 수:-2 뇌:0 빙:0 용:0,,2
본메일,몸통,10,-,화:0 수:0 뇌:0 빙:-1 용:0,스태미나 탈취 Lv 1,2
얼로이메일,몸통,10,-,화:-1 수:0 뇌:-1 빙:-1 용:0,숫돌 사용 고속화 Lv 1,2
울크메일,몸통,10,-,화:-3 수:1 뇌:0 빙:4 용:0,활주 강화 Lv 1,1
아시라메일,몸통,10,-,화:-2 수:0 뇌:-2 빙:0 용:0,역습 Lv 1,1
바기메일,몸통,10,-,화:-4 수:-1 뇌:-1 빙:2 용:1,공격 Lv 1,1
이즈치메일,몸통,10,-,화:2 수:-1 뇌:-2 빙:0 용:0,간파 Lv 1회복 속도 Lv 1,1
헌터메일,몸통,4,-,화:0 수:0 뇌:0 빙:0 용:0,공격 Lv 1,1
체인베스트,몸통,4,-,화:0 수:0 뇌:1 빙:0 용:0,완전 충전 Lv 1방어 Lv 1,1
레더베스트,몸통,1,-,화:0 수:0 뇌:0 빙:0 용:0,식생학 Lv 1,1
카무라상의,몸통,1,-,화:1 수:0 뇌:0 빙:0 용:0,밧줄벌레꾼 Lv 1,1
"프라그마암,여성용",팔,122,3 1 -,화:-2 수:2 뇌:-1 빙:2 용:-4,광룡증[상] Lv 1광룡증[식] Lv 1공격 Lv 3,10
프라이멀암,팔,125,4 4 2,화:-2 수:2 뇌:2 빙:-1 용:-5,혈기각성 Lv 1슈퍼회심 Lv 1,10
"버추스암,남성용",팔,122,3 1 -,화:-2 수:2 뇌:-1 빙:2 용:-4,광룡증[상] Lv 1광룡증[식] Lv 1공격 Lv 3,10
황천[소매],팔,125,4 4 1,화:-3 수:4 뇌:0 빙:0 용:-5,천의무붕 Lv 1힘의 해방 Lv 1,10
"네피림암,여성용",팔,118,3 - -,화:-4 수:3 뇌:-2 빙:2 용:-4,광화 Lv 1광룡증[식] Lv 1앙심 Lv 3,10
라비나암,팔,123,3 2 1,화:-3 수:2 뇌:-1 빙:4 용:-1,냉기 연성 Lv 1발도술[기] Lv 3,10
"혁요의암-역,[1]",팔,121,4 1 1,화:-2 수:-2 뇌:-2 빙:-2 용:3,슈퍼회심 Lv 2힘의 해방 Lv 2공격 Lv 1,10
리발크샤나그랑,팔,124,4 2 -,화:-1 수:2 뇌:-2 빙:3 용:-3,풍전 Lv 1연격 Lv 2,10
리발카이저암,팔,124,4 4 -,화:4 수:-4 뇌:1 빙:-1 용:-3,염린의 은혜 Lv 2달인의 재주 Lv 1탄도 강화 Lv 1간파 Lv 1,10
"카오스암,[2] 남성용",팔,118,3 - -,화:-4 수:3 뇌:-2 빙:2 용:-4,광화 Lv 1광룡증[식] Lv 1앙심 Lv 3,10
미즈하큰소매-각성,팔,125,4 2 1,화:-5 수:1 뇌:0 빙:3 용:-3,축적 시 공격 강화 Lv 1하피의 은혜 Lv 1공세 Lv 1,10
음양인토시,팔,120,2 2 2,화:2 수:0 뇌:-1 빙:-3 용:1,선위 Lv 1도전자 Lv 2스태미나 급속 회복 Lv 1,10
"에스피나Z파오스트,[1]",팔,122,4 2 -,화:3 수:-4 뇌:-1 빙:2 용:-3,강심 Lv 1공격 Lv 1명검 Lv 2탄환 절약 Lv 2,10
"월광토시,[1]",팔,118,2 2 -,화:3 수:3 뇌:0 빙:-5 용:-2,교격 Lv 2회피 성능 Lv 3,10
실버솔암,팔,122,4 1 1,화:4 수:-4 뇌:-3 빙:-2 용:3,약점 특효[속성] Lv 1회심격[속성] Lv 1체술 Lv 2,10
"골드루나암,[2]",팔,120,4 2 1,화:3 수:-3 뇌:-4 빙:-1 용:2,슈퍼회심 Lv 1완전 충전 Lv 1연격 Lv 1,10
프라이드암,팔,123,3 1 -,화:3 수:0 뇌:-2 빙:-3 용:-1,근성 Lv 1약점 특효 Lv 1귀마개 Lv 1,10
거점사령관의토시,팔,118,4 1 -,화:1 수:1 뇌:1 빙:1 용:1,차지 마스터 Lv 2납도술 Lv 1,10
"마가이장갑-원,[1]",팔,124,3 2 -,화:3 수:-3 뇌:-2 빙:1 용:1,업개[수라] Lv 1역습 Lv 1합기 Lv 1,10
격분장갑,팔,122,4 - -,화:2 수:1 뇌:3 빙:-5 용:2,격앙 Lv 1간파 Lv 2,10
혁요의암-진,팔,124,4 - -,화:-2 수:-2 뇌:-2 빙:-2 용:3,용기 활성 Lv 1약점 특효 Lv 2,10
천둥의팔-진,팔,122,2 - -,화:2 수:1 뇌:4 빙:-3 용:-4,뇌문의 일치 Lv 1가드 성능 Lv 1파괴왕 Lv 1풍뢰합일 Lv 1,10
돌풍의팔-진,팔,122,2 - -,화:-1 수:0 뇌:0 빙:0 용:-2,풍문의 일치 Lv 1체술 Lv 1스태미나 급속 회복 Lv 1풍뢰합일 Lv 1,10
"명연전갑 이레에피누,[2]",팔,126,4 - -,화:0 수:3 뇌:-2 빙:3 용:-5,복마향명 Lv 2앙심 Lv 1,10
길드팰리스암,팔,120,4 - -,화:1 수:2 뇌:2 빙:1 용:1,도전자 Lv 2전화위복 Lv 1벽면 이동[상] Lv 1,9
세일러글러브,팔,114,3 - -,화:0 수:0 뇌:0 빙:0 용:0,집중 Lv 3밧줄벌레꾼 Lv 1,9
메듀레트X그랩,팔,114,3 1 -,화:1 수:3 뇌:0 빙:2 용:0,정령의 가호 Lv 2집중 Lv 1KO술 Lv 1,9
시커글러브,팔,114,1 1 1,화:2 수:2 뇌:2 빙:2 용:2,빨리 먹기 Lv 3버섯 애호가 Lv 1,9
"사쥬암,[2]",팔,114,2 2 1,화:0 수:0 뇌:0 빙:0 용:0,체력 회복량 UP Lv 3만족감 Lv 1,9
"샤리테글러브,[2] 여성용",팔,114,2 2 1,화:1 수:1 뇌:1 빙:1 용:1,정령의 가호 Lv 3배고픔 내성 Lv 1,9
"프로프미톤,남성용",팔,114,2 2 1,화:1 수:1 뇌:1 빙:1 용:1,정령의 가호 Lv 3배고픔 내성 Lv 1,9
"멜제암,[2]",팔,120,4 - -,화:-2 수:2 뇌:2 빙:-1 용:-5,밧줄벌레꾼 Lv 1공격 Lv 2속성 피해 내성 Lv 1,9
"필리아암,여성용",팔,120,4 - -,화:-2 수:2 뇌:-1 빙:2 용:-4,회심격[속성] Lv 2돌파구 Lv 1,9
"아크암,남성용",팔,120,4 - -,화:-2 수:2 뇌:-1 빙:2 용:-4,회심격[속성] Lv 2돌파구 Lv 1,9
카이저X암,팔,120,3 - -,화:4 수:-4 뇌:1 빙:-1 용:-3,염린의 은혜 Lv 1간파 Lv 1슈퍼회심 Lv 1,9
미즈하큰소매-진,팔,120,2 2 -,화:-5 수:1 뇌:0 빙:3 용:-3,하피의 은혜 Lv 1독속성 강화 Lv 2회피 성능 Lv 2,9
"크샤나X하투,[1]",팔,120,1 - -,화:-1 수:2 뇌:-2 빙:3 용:-3,강각의 은혜 Lv 2도전자 Lv 2,9
다마스크X암,팔,114,2 1 -,화:-1 수:2 뇌:-3 빙:1 용:-1,귀마개 Lv 2속성 피해 내성 Lv 1,9
"바젤X암,[1]",팔,118,2 2 -,화:3 수:1 뇌:-4 빙:-2 용:-2,가드 강화 Lv 1가드 성능 Lv 1도전자 Lv 2,9
제천장갑-진,팔,116,4 1 -,화:2 수:1 뇌:3 빙:-5 용:2,재난대처능력 Lv 1힘의 해방 Lv 2,9
그로시아암,팔,112,1 1 1,화:0 수:0 뇌:0 빙:3 용:0,회복 속도 Lv 3힘의 해방 Lv 2공격 Lv 1,9
발바니아글러브,팔,110,2 1 1,화:1 수:1 뇌:1 빙:1 용:1,약점 특효 Lv 1파괴왕 Lv 1행운 Lv 1,9
"디그니글러브,[1]",팔,112,3 - -,화:1 수:1 뇌:1 빙:1 용:1,고속 변형 Lv 1회피 성능 Lv 2명검 Lv 1,9
"에콜글러브,여성용",팔,110,2 - -,화:0 수:0 뇌:0 빙:0 용:0,빨리 먹기 Lv 1납도술 Lv 2약점 특효 Lv 1,9
"호크글러브,남성용",팔,110,2 - -,화:0 수:0 뇌:0 빙:0 용:0,빨리 먹기 Lv 1납도술 Lv 2약점 특효 Lv 1,9
중장기사의토시,팔,114,2 - -,화:1 수:1 뇌:1 빙:1 용:1,가드 성능 Lv 2가드 강화 Lv 1명검 Lv 1,9
에스피나파오스트,팔,116,4 - -,화:3 수:-1 뇌:2 빙:-3 용:-2,공세 Lv 1칼날 연마 Lv 2속사 강화 Lv 1,9
"루나가로암,[1]",팔,114,2 1 -,화:-4 수:2 뇌:-1 빙:4 용:-1,도전자 Lv 3밧줄벌레꾼 Lv 1,9
젝스암,팔,114,4 1 -,화:0 수:-1 뇌:4 빙:-3 용:0,연격 Lv 1스태미나 급속 회복 Lv 1기절 내성 Lv 1,9
"레기오스암,[1]",팔,114,-,화:4 수:0 뇌:-3 빙:-2 용:0,장인 Lv 3,9
고어암,팔,112,4 - -,화:-2 수:3 뇌:-1 빙:2 용:-1,전화위복 Lv 1빨리 먹기 Lv 2,9
"디아블로X암,[1]",팔,118,2 1 -,화:3 수:-1 뇌:-1 빙:-3 용:-1,공격적인 방어 Lv 2스태미나 급속 회복 Lv 1관통탄/관통화살 강화 Lv 2,9
렉스X암,팔,118,4 - -,화:2 수:0 뇌:-3 빙:0 용:-2,심안 Lv 1완전 충전 Lv 1기절 내성 Lv 3통상탄/연사화살 강화 Lv 1,9
진오우X암,팔,116,2 - -,화:0 수:-1 뇌:4 빙:-4 용:1,힘의 해방 Lv 1체술 Lv 2회심격[속성] Lv 1,9
레우스X암,팔,114,2 - -,화:3 수:1 뇌:-2 빙:1 용:-3,공격 Lv 2귀마개 Lv 2,9
미츠네X암,팔,114,4 1 1,화:0 수:2 뇌:-3 빙:1 용:-1,돌파구 Lv 1만족감 Lv 2,9
가브라스슈트X글러브,팔,112,4 1 1,화:1 수:1 뇌:1 빙:1 용:3,회심격[속성] Lv 1풍압 내성 Lv 2,9
"무녀꽃소매-요,여성용",팔,110,4 - -,화:3 수:0 뇌:0 빙:0 용:0,광역화 Lv 2체력 회복량 UP Lv 1,9
"이면우츠시토시-진,[2] 남성용",팔,110,2 - -,화:3 수:0 뇌:0 빙:0 용:0,회피 성능 Lv 1밧줄벌레꾼 Lv 1공격 Lv 2,9
"무복꽃소매-광,[1] 여성용",팔,110,2 - -,화:3 수:0 뇌:0 빙:0 용:0,회피 성능 Lv 1밧줄벌레꾼 Lv 1공격 Lv 2,9
"표면우츠시토시-진,남성용",팔,110,4 - -,화:3 수:0 뇌:0 빙:0 용:0,광역화 Lv 2체력 회복량 UP Lv 1,9
야츠카다Z암,팔,112,4 - -,화:2 수:-4 뇌:2 빙:-2 용:2,혼신 Lv 1고속 변형 Lv 2폭파 피해 내성 Lv 1튠 업 Lv 1,9
오로미도Ｚ암,팔,112,3 - -,화:5 수:-5 뇌:0 빙:-4 용:0,앙심 Lv 1가드 강화 Lv 2재난대처능력 Lv 1,9
야츠카다X암,팔,108,4 - -,화:4 수:-2 뇌:-1 빙:-3 용:0,체술 Lv 2스태미나 급속 회복 Lv 1,8
오로미도X암,팔,108,4 1 -,화:-4 수:3 뇌:3 빙:-2 용:-2,고속 변형 Lv 1회피 성능 Lv 2,8
기자미암,팔,108,2 - -,화:-3 수:1 뇌:-4 빙:-1 용:2,연마술[예] Lv 1완전 충전 Lv 1간파 Lv 2관통탄/관통화살 강화 Lv 1,8
고르무암,팔,112,2 2 1,화:-1 수:3 뇌:-2 빙:0 용:2,차지 마스터 Lv 1집중 Lv 2,8
고샤X암,팔,106,4 - -,화:-4 수:1 뇌:-1 빙:4 용:0,발도술[기] Lv 1발도술[힘] Lv 1납도술 Lv 1,8
나르가X암,팔,108,2 1 -,화:-2 수:1 뇌:-3 빙:1 용:1,회피 성능 Lv 1회피 거리 UP Lv 1체술 Lv 2,8
마가이장갑-진,팔,110,2 - -,화:3 수:-3 뇌:-2 빙:1 용:1,귀화전 Lv 1장인 Lv 2장전 확장 Lv 2,8
벨리오X암,팔,108,2 1 -,화:-5 수:0 뇌:-1 빙:3 용:0,납도술 Lv 1혼신 Lv 1간파 Lv 2,8
"브리게이드X암,[1]",팔,106,3 3 -,화:1 수:0 뇌:2 빙:0 용:2,지질학 Lv 2향응 Lv 1정령의 가호 Lv 1,8
가디언암,팔,108,2 2 1,화:2 수:0 뇌:0 빙:2 용:3,가드 성능 Lv 1숫돌 사용 고속화 Lv 1귀마개 Lv 1,8
"스콜라글러브,여성용",팔,104,2 1 -,화:0 수:0 뇌:0 빙:0 용:0,회피 성능 Lv 1버섯 애호가 Lv 1행운 Lv 1,8
"길드버드X암,남성용",팔,104,2 1 -,화:0 수:0 뇌:0 빙:0 용:0,회피 성능 Lv 1버섯 애호가 Lv 1행운 Lv 1,8
포술대[장갑],팔,106,1 - -,화:1 수:1 뇌:1 빙:1 용:1,장전 확장 Lv 1장전 속도 Lv 1포술 Lv 2,8
"파르메르X마노,여성용",팔,110,3 - -,화:-2 수:0 뇌:3 빙:-2 용:2,회피 성능 Lv 2간파 Lv 1,8
"르와가X마노,[1] 남성용",팔,110,3 - -,화:-2 수:0 뇌:3 빙:-2 용:2,회피 성능 Lv 2간파 Lv 1,8
마카르파X슬리브,팔,104,2 2 -,화:1 수:2 뇌:-2 빙:0 용:0,거품의 춤 Lv 1뛰어들기 Lv 1돌파구 Lv 1,8
데스기어X파오스트,팔,110,2 - -,화:3 수:1 뇌:1 빙:-1 용:0,혼신 Lv 2공격 Lv 1,8
마기르X라마,팔,100,4 1 1,화:-3 수:1 뇌:0 빙:3 용:0,폭파 피해 내성 Lv 1움찔 감소 Lv 2회심격[속성] Lv 1,8
"바이크X암,[1]",팔,100,2 1 -,화:0 수:3 뇌:-2 빙:-1 용:0,통상탄/연사화살 강화 Lv 2배고픔 내성 Lv 1명검 Lv 2,8
도베르X암,팔,104,3 1 1,화:-2 수:0 뇌:0 빙:0 용:4,용속성 공격 강화 Lv 1강화 지속 Lv 2반동 경감 Lv 2,8
"쟈나프X암,[1]",팔,98,1 - -,화:3 수:-3 뇌:-1 빙:-1 용:0,KO술 Lv 2공격 Lv 2도전자 Lv 1,8
카가치X암,팔,96,3 - -,화:0 수:-3 뇌:3 빙:0 용:0,체술 Lv 3불굴 Lv 1,8
레이아X암,팔,96,2 1 -,화:3 수:0 뇌:-2 빙:0 용:-3,속성 피해 내성 Lv 1광역화 Lv 2만족감 Lv 1,8
이소네Z암,팔,108,4 1 -,화:-3 수:1 뇌:-1 빙:3 용:2,회심격[속성] Lv 1달인의 재주 Lv 1얼음속성 공격 강화 Lv 1,8
이소네X암,팔,96,2 - -,화:-1 수:2 뇌:-3 빙:0 용:1,보머 Lv 2정령의 가호 Lv 1탄환 절약 Lv 2장인 Lv 1,8
바살X암,팔,100,2 1 -,화:0 수:-2 뇌:1 빙:1 용:-3,가드 성능 Lv 3숫돌 사용 고속화 Lv 1,8
쥬라X암,팔,96,3 2 1,화:-1 수:2 뇌:-3 빙:0 용:0,앙심 Lv 2,8
푸케푸케X암,팔,96,3 - -,화:0 수:3 뇌:-3 빙:0 용:1,탄환 절약 Lv 1탄도 강화 Lv 2,8
텐고Z암,팔,96,2 1 -,화:2 수:-4 뇌:-2 빙:0 용:2,힘의 해방 Lv 3납도술 Lv 1,8
텐고X암,팔,96,4 - -,화:-2 수:2 뇌:2 빙:-4 용:2,아이템 사용 강화 Lv 1기절 내성 Lv 1빨리 먹기 Lv 1,8
푸루푸루X암,팔,96,4 1 -,화:-4 수:1 뇌:4 빙:2 용:1,벽면 이동 Lv 1회복 속도 Lv 1번개속성 공격 강화 Lv 3,8
"유쿠모의 장갑,[1]",팔,92,1 1 1,화:0 수:0 뇌:2 빙:0 용:0,간파 Lv 2회피 성능 Lv 2,8
경장기사의토시,팔,100,2 1 -,화:1 수:1 뇌:1 빙:1 용:1,가드 강화 Lv 3움찔 감소 Lv 2,8
오행의 장갑,팔,100,4 - -,화:0 수:0 뇌:0 빙:0 용:3,정령의 가호 Lv 1탄도 강화 Lv 2,8
멜호아X라마,팔,92,4 2 -,화:0 수:1 뇌:3 빙:0 용:0,마비 내성 Lv 1식생학 Lv 1체력 회복량 UP Lv 1,8
알브로X글러브,팔,96,1 1 -,화:0 수:2 뇌:1 빙:-1 용:0,산탄/확산화살 강화 Lv 2통상탄/연사화살 강화 Lv 1,8
에델X라마,팔,96,2 1 -,화:-1 수:3 뇌:-1 빙:0 용:0,포획 명인 Lv 1광역화 Lv 3,8
"스파이오X마노,여성용",팔,98,4 1 1,화:3 수:-1 뇌:-1 빙:-1 용:3,힘의 해방 Lv 1독 내성 Lv 1,8
"스칼다X마노,남성용",팔,98,4 1 1,화:3 수:-1 뇌:-1 빙:-1 용:3,힘의 해방 Lv 1독 내성 Lv 1,8
잉곳X암,팔,94,4 2 -,화:-1 수:-1 뇌:1 빙:0 용:0,번개속성 공격 강화 Lv 3,8
요츠미X암,팔,90,1 1 -,화:-1 수:4 뇌:-2 빙:1 용:0,재난대처능력 Lv 2특수 사격 강화 Lv 2배고픔 내성 Lv 1,8
자자미암,팔,94,2 - -,화:-5 수:1 뇌:-3 빙:-1 용:2,가드 성능 Lv 2가드 강화 Lv 1통상탄/연사화살 강화 Lv 2,8
"보로스X암,[1]",팔,94,2 1 -,화:-3 수:-1 뇌:3 빙:-1 용:0,공격 Lv 2활주 강화 Lv 1공격적인 방어 Lv 1산탄/확산화살 강화 Lv 1,8
루드로스X암,팔,92,2 2 1,화:-3 수:4 뇌:-1 빙:0 용:0,런너 Lv 1강화 지속 Lv 1탄환 절약 Lv 1,8
아케노X암,팔,88,2 1 1,화:3 수:-3 뇌:-1 빙:0 용:0,완전 충전 Lv 1불속성 공격 강화 Lv 2회심격[속성] Lv 1,8
랑그로X암,팔,94,1 1 1,화:2 수:-3 뇌:0 빙:-1 용:1,회피 거리 UP Lv 1마비속성 강화 Lv 1귀마개 Lv 1,8
울크X암,팔,86,2 1 -,화:-3 수:1 뇌:0 빙:3 용:0,간파 Lv 2얼음속성 공격 강화 Lv 3,8
아시라X암,팔,86,1 1 -,화:-2 수:0 뇌:-2 빙:0 용:0,역습 Lv 1방어 Lv 1앙심 Lv 2,8
프로기X암,팔,88,4 - -,화:2 수:-2 뇌:1 빙:-4 용:0,장전 확장 Lv 1독 내성 Lv 2심안 Lv 2,8
쿠루루X암,팔,86,2 1 -,화:0 수:-3 뇌:0 빙:1 용:0,KO술 Lv 1스태미나 탈취 Lv 2납도술 Lv 1,8
바기X암,팔,86,4 1 -,화:-4 수:-1 뇌:-1 빙:2 용:1,수면 내성 Lv 2수면속성 강화 Lv 1,8
이즈치X암,팔,86,1 1 -,화:2 수:-1 뇌:-2 빙:0 용:0,체술 Lv 2회피 성능 Lv 1,8
람포스암,팔,86,3 1 -,화:0 수:0 뇌:0 빙:-2 용:0,공격 Lv 2,8
"구룡의가죽장갑X,[3]",팔,90,1 1 -,화:0 수:0 뇌:0 빙:1 용:0,공격 Lv 3,8
랑고암,팔,84,3 - -,화:-2 수:1 뇌:1 빙:1 용:2,마비속성 강화 Lv 2탑승 명인 Lv 1,8
타로스암,팔,86,4 2 -,화:-1 수:-1 뇌:-1 빙:-1 용:4,용속성 공격 강화 Lv 1흔들림 억제 Lv 2,8
브나하X글러브,팔,84,4 - -,화:-2 수:0 뇌:0 빙:0 용:2,독속성 강화 Lv 2회피 성능 Lv 2,8
리노프로X암,팔,90,2 2 -,화:2 수:0 뇌:0 빙:-2 용:0,포술 Lv 2포탄 장전 Lv 1특수 사격 강화 Lv 1,8
본X암,팔,82,1 1 -,화:0 수:0 뇌:0 빙:-1 용:0,발도술[힘] Lv 2스태미나 탈취 Lv 1런너 Lv 1,8
얼로이X암,팔,82,2 1 -,화:-1 수:0 뇌:-1 빙:-1 용:0,물속성 공격 강화 Lv 1간파 Lv 2,8
헌터X암,팔,82,2 - -,화:0 수:0 뇌:0 빙:0 용:0,납도술 Lv 1장인 Lv 1장전 확장 Lv 1,8
체인X글러브,팔,82,4 1 -,화:0 수:0 뇌:1 빙:0 용:0,스태미나 급속 회복 Lv 1방어 Lv 2,8
레더X글러브,팔,80,4 1 -,화:0 수:0 뇌:0 빙:0 용:0,지질학 Lv 1특수 사격 강화 Lv 1,8
카무라토시-계,팔,80,1 - -,화:2 수:0 뇌:0 빙:0 용:0,간파 Lv 2재난대처능력 Lv 1정령의 가호 Lv 1,8
푸른빛무사[소매],팔,72,1 - -,화:2 수:2 뇌:0 빙:0 용:2,체술 Lv 1약점 특효 Lv 1회심격[속성] Lv 2,7
"혁요의암,[3]",팔,80,2 - -,화:-2 수:-2 뇌:-2 빙:-2 용:3,용기 활성 Lv 1약점 특효 Lv 2,7
브리게이드S암,팔,62,3 1 -,화:1 수:0 뇌:2 빙:0 용:2,지질학 Lv 2,7
"바젤암,[1]",팔,72,2 2 -,화:3 수:1 뇌:-4 빙:-2 용:-2,포탄 장전 Lv 1가드 강화 Lv 1,7
"카이저암,[3]",팔,74,2 - -,화:4 수:-4 뇌:1 빙:-1 용:-3,염린의 은혜 Lv 1간파 Lv 1슈퍼회심 Lv 1,7
미즈하큰소매,팔,74,1 - -,화:-5 수:1 뇌:0 빙:3 용:-3,하피의 은혜 Lv 1독속성 강화 Lv 1회피 성능 Lv 1,7
크샤나하투,팔,74,1 - -,화:-1 수:2 뇌:-2 빙:3 용:-3,강각의 은혜 Lv 1회복 속도 Lv 1도전자 Lv 2,7
다마스크암,팔,68,2 1 -,화:-1 수:2 뇌:-3 빙:1 용:-1,귀마개 Lv 1,7
천둥의팔,팔,76,-,화:2 수:1 뇌:4 빙:-3 용:-4,가드 성능 Lv 1파괴왕 Lv 1뇌문의 일치 Lv 1풍뢰합일 Lv 1,7
돌풍의팔,팔,66,-,화:-1 수:0 뇌:0 빙:0 용:-2,체술 Lv 1스태미나 급속 회복 Lv 1풍문의 일치 Lv 1풍뢰합일 Lv 1,7
금빛장갑,팔,70,3 1 -,화:2 수:1 뇌:3 빙:-5 용:2,힘의 해방 Lv 1재난대처능력 Lv 1,7
"르와가S마노,남성용",팔,62,3 - -,화:-2 수:0 뇌:3 빙:-2 용:2,회피 성능 Lv 1,6
야츠카다암,팔,66,2 - -,화:4 수:-2 뇌:-1 빙:-3 용:1,체술 Lv 2스태미나 급속 회복 Lv 1,6
디아블로S암,팔,64,2 1 -,화:3 수:-1 뇌:-1 빙:-3 용:-1,공격적인 방어 Lv 1,6
"렉스S암,[1]",팔,64,3 - -,화:2 수:0 뇌:-3 빙:0 용:-2,둔기 사용 Lv 2심안 Lv 1,6
오로미도S암,팔,64,1 1 -,화:-4 수:3 뇌:3 빙:-2 용:-2,회피 성능 Lv 2고속 변형 Lv 1,6
고샤S암,팔,64,2 - -,화:-4 수:1 뇌:-1 빙:4 용:0,발도술[기] Lv 1발도술[힘] Lv 1,6
"마가이장갑-패,[1]",팔,64,2 - -,화:3 수:-3 뇌:-2 빙:1 용:1,장인 Lv 2귀화전 Lv 1,6
메듀레트S그랩,팔,62,1 1 -,화:1 수:3 뇌:0 빙:2 용:0,정령의 가호 Lv 2,6
"파르메르S마노,여성용",팔,62,3 - -,화:-2 수:0 뇌:3 빙:-2 용:2,회피 성능 Lv 1,6
진오우S암,팔,62,2 - -,화:0 수:-1 뇌:4 빙:-4 용:1,힘의 해방 Lv 1체술 Lv 1,6
"레우스S암,[1]",팔,62,2 - -,화:3 수:1 뇌:-2 빙:1 용:-3,공격 Lv 2,6
미츠네S암,팔,60,2 - -,화:0 수:2 뇌:-3 빙:1 용:-1,돌파구 Lv 1만족감 Lv 1,6
나르가S암,팔,60,1 1 -,화:-2 수:1 뇌:-3 빙:1 용:1,회피 성능 Lv 1회피 거리 UP Lv 1,6
쟈나프S암,팔,60,1 - -,화:3 수:-3 뇌:-1 빙:-1 용:0,공격 Lv 2KO술 Lv 2,6
"이면우츠시토시-패,남성용",팔,52,2 - -,화:3 수:0 뇌:0 빙:0 용:0,회피 성능 Lv 1밧줄벌레꾼 Lv 1,5
"표면우츠시토시-패,남성용",팔,52,3 - -,화:3 수:0 뇌:0 빙:0 용:0,광역화 Lv 1,5
카가치S암,팔,58,2 - -,화:0 수:-3 뇌:3 빙:0 용:0,체술 Lv 3,5
"벨리오S암,[1]",팔,58,2 - -,화:-3 수:0 뇌:-1 빙:3 용:0,간파 Lv 1혼신 Lv 1납도술 Lv 1,5
이소네S암,팔,58,2 - -,화:-1 수:2 뇌:-3 빙:0 용:1,보머 Lv 2정령의 가호 Lv 1,5
가브라스슈트S글러브,팔,52,2 - -,화:1 수:1 뇌:1 빙:1 용:3,회심격[속성] Lv 1풍압 내성 Lv 1,5
"무복꽃소매-원,여성용",팔,52,2 - -,화:3 수:0 뇌:0 빙:0 용:0,회피 성능 Lv 1밧줄벌레꾼 Lv 1,5
"무녀꽃소매-기,여성용",팔,52,3 - -,화:3 수:0 뇌:0 빙:0 용:0,광역화 Lv 1,5
마카르파S슬리브,팔,52,2 - -,화:1 수:2 뇌:-2 빙:0 용:0,거품의 춤 Lv 1뛰어들기 Lv 1,5
"바이크S암,[2]",팔,52,1 1 -,화:0 수:3 뇌:-2 빙:-1 용:0,통상탄/연사화살 강화 Lv 2,5
마기르S라마,팔,52,2 1 1,화:-3 수:1 뇌:0 빙:3 용:0,폭파 피해 내성 Lv 1움찔 감소 Lv 1,5
데스기어S파오스트,팔,52,1 - -,화:3 수:1 뇌:1 빙:-1 용:0,혼신 Lv 2,5
멜호아S라마,팔,52,1 1 -,화:0 수:1 뇌:3 빙:0 용:0,체력 회복량 UP Lv 1마비 내성 Lv 1식생학 Lv 1,5
알브로S글러브,팔,52,1 1 -,화:0 수:2 뇌:1 빙:-1 용:0,통상탄/연사화살 강화 Lv 1산탄/확산화살 강화 Lv 1,5
도베르암,팔,52,2 1 1,화:-2 수:0 뇌:0 빙:0 용:4,용속성 공격 강화 Lv 1강화 지속 Lv 1,5
레이아S암,팔,52,1 1 -,화:3 수:0 뇌:-2 빙:0 용:-3,속성 피해 내성 Lv 1광역화 Lv 1,5
바살S암,팔,52,1 1 -,화:0 수:-2 뇌:1 빙:1 용:-3,가드 성능 Lv 2숫돌 사용 고속화 Lv 1,5
쥬라암,팔,48,3 2 1,화:-1 수:2 뇌:-3 빙:0 용:0,,5
푸케푸케S암,팔,50,2 - -,화:0 수:3 뇌:-3 빙:0 용:1,탄환 절약 Lv 1탄도 강화 Lv 1,5
텐고S암,팔,52,3 - -,화:-2 수:2 뇌:2 빙:-4 용:2,기절 내성 Lv 1아이템 사용 강화 Lv 1,5
"스칼다S마노,남성용",팔,32,1 1 -,화:3 수:-1 뇌:-1 빙:-1 용:3,힘의 해방 Lv 1독 내성 Lv 1,4
보로스S암,팔,50,1 1 -,화:-3 수:-1 뇌:3 빙:-1 용:0,공격 Lv 2활주 강화 Lv 1,4
루드로스S암,팔,48,2 1 1,화:-3 수:4 뇌:-1 빙:0 용:0,런너 Lv 1,4
랑그로S암,팔,50,1 1 1,화:2 수:-3 뇌:0 빙:-1 용:1,마비속성 강화 Lv 1회피 거리 UP Lv 1,4
구룡의가죽장갑S,팔,42,1 1 -,화:0 수:0 뇌:0 빙:1 용:0,공격 Lv 2,4
"리노프로S암,[2]",팔,42,2 1 -,화:2 수:0 뇌:0 빙:-2 용:0,포술 Lv 2,4
에델S라마,팔,40,-,화:-1 수:3 뇌:-1 빙:0 용:0,포획 명인 Lv 1,4
잉곳S암,팔,40,1 - -,화:-1 수:-1 뇌:1 빙:0 용:0,번개속성 공격 강화 Lv 3,4
요츠미S암,팔,40,1 1 -,화:-1 수:4 뇌:-2 빙:1 용:0,특수 사격 강화 Lv 1재난대처능력 Lv 1,4
푸루푸루S암,팔,38,1 1 -,화:-4 수:1 뇌:4 빙:2 용:1,번개속성 공격 강화 Lv 2회복 속도 Lv 1벽면 이동 Lv 1,4
아케노S암,팔,38,1 1 -,화:3 수:-3 뇌:-1 빙:0 용:0,완전 충전 Lv 1불속성 공격 강화 Lv 1,4
"울크S암,[1]",팔,36,2 1 -,화:-3 수:1 뇌:0 빙:3 용:0,간파 Lv 2얼음속성 공격 강화 Lv 1,4
아시라S암,팔,36,1 - -,화:-2 수:0 뇌:-2 빙:0 용:0,방어 Lv 2역습 Lv 1,4
프로기S암,팔,38,3 - -,화:2 수:-2 뇌:1 빙:-4 용:0,장전 확장 Lv 1,4
쿠루루S암,팔,38,2 - -,화:0 수:-3 뇌:0 빙:1 용:0,스태미나 탈취 Lv 2KO술 Lv 1,4
바기S암,팔,36,1 1 -,화:-4 수:-1 뇌:-1 빙:2 용:1,수면 내성 Lv 2얼음속성 공격 강화 Lv 1,4
이즈치S암,팔,36,1 1 -,화:2 수:-1 뇌:-2 빙:0 용:0,체술 Lv 2,4
브나하S글러브,팔,34,1 - -,화:-2 수:0 뇌:0 빙:0 용:2,독속성 강화 Lv 2회피 성능 Lv 1,4
"스파이오S마노,여성용",팔,32,1 1 -,화:3 수:-1 뇌:-1 빙:-1 용:3,힘의 해방 Lv 1독 내성 Lv 1,4
본S암,팔,32,1 1 -,화:0 수:0 뇌:0 빙:-1 용:0,스태미나 탈취 Lv 1진흙/눈 내성 Lv 1,4
얼로이S암,팔,32,1 - -,화:-1 수:0 뇌:-1 빙:-1 용:0,간파 Lv 2물속성 공격 강화 Lv 1,4
헌터S암,팔,32,2 - -,화:0 수:0 뇌:0 빙:0 용:0,납도술 Lv 1,4
체인S글러브,팔,32,1 1 -,화:0 수:0 뇌:1 빙:0 용:0,방어 Lv 2식생학 Lv 1,4
레더S글러브,팔,30,1 1 -,화:0 수:0 뇌:0 빙:0 용:0,특수 사격 강화 Lv 1지질학 Lv 1,4
카무라토시-패,팔,30,2 - -,화:2 수:0 뇌:0 빙:0 용:0,간파 Lv 2재난대처능력 Lv 1,4
"이면우츠시토시,남성용",팔,24,-,화:3 수:0 뇌:0 빙:0 용:0,회피 성능 Lv 1밧줄벌레꾼 Lv 1,3
"표면우츠시토시,남성용",팔,24,-,화:3 수:0 뇌:0 빙:0 용:0,광역화 Lv 1,3
"르와가마노,남성용",팔,24,-,화:-2 수:0 뇌:3 빙:-2 용:2,회피 성능 Lv 1,3
디아블로암,팔,30,-,화:3 수:-1 뇌:-1 빙:-3 용:-1,공격적인 방어 Lv 1,3
렉스암,팔,30,-,화:2 수:0 뇌:-3 빙:0 용:-2,둔기 사용 Lv 2,3
오로미도암,팔,30,-,화:-4 수:3 뇌:3 빙:-2 용:-2,회피 성능 Lv 1고속 변형 Lv 1,3
고샤암,팔,30,-,화:-4 수:1 뇌:-1 빙:4 용:0,발도술[기] Lv 1발도술[힘] Lv 1,3
진오우암,팔,28,-,화:0 수:-1 뇌:4 빙:-4 용:1,체술 Lv 1,3
레우스암,팔,28,-,화:4 수:0 뇌:-2 빙:0 용:-4,공격 Lv 1,3
미츠네암,팔,26,-,화:0 수:2 뇌:-3 빙:1 용:-1,물속성 공격 강화 Lv 1만족감 Lv 1,3
나르가암,팔,26,-,화:-2 수:1 뇌:-3 빙:1 용:1,회피 성능 Lv 1회피 거리 UP Lv 1,3
쟈나프암,팔,26,-,화:3 수:-3 뇌:-1 빙:-1 용:0,공격 Lv 1KO술 Lv 1,3
마가이장갑,팔,28,-,화:3 수:-3 뇌:-2 빙:1 용:1,귀화전 Lv 1,3
브리게이드암,팔,26,-,화:1 수:0 뇌:2 빙:0 용:2,지질학 Lv 2,3
"무복꽃소매,여성용",팔,24,-,화:3 수:0 뇌:0 빙:0 용:0,회피 성능 Lv 1밧줄벌레꾼 Lv 1,3
"무녀꽃소매,여성용",팔,24,-,화:3 수:0 뇌:0 빙:0 용:0,광역화 Lv 1,3
메듀레트그랩,팔,24,-,화:1 수:3 뇌:0 빙:2 용:0,정령의 가호 Lv 1,3
"파르메르마노,여성용",팔,24,-,화:-2 수:0 뇌:3 빙:-2 용:2,회피 성능 Lv 1,3
마카르파슬리브,팔,24,-,화:1 수:2 뇌:-2 빙:0 용:0,뛰어들기 Lv 1,3
"스칼다마노,남성용",팔,12,-,화:3 수:-1 뇌:-1 빙:-1 용:3,독 내성 Lv 1,2
카가치암,팔,20,-,화:0 수:-3 뇌:3 빙:0 용:0,체술 Lv 1,2
벨리오암,팔,20,-,화:-5 수:0 뇌:-1 빙:3 용:0,간파 Lv 1,2
레이아암,팔,22,-,화:3 수:0 뇌:-2 빙:0 용:-3,속성 피해 내성 Lv 1,2
이소네암,팔,22,-,화:-1 수:2 뇌:-3 빙:0 용:1,정령의 가호 Lv 1보머 Lv 1,2
바살암,팔,22,-,화:0 수:-2 뇌:1 빙:1 용:-3,가드 성능 Lv 1숫돌 사용 고속화 Lv 1,2
푸케푸케암,팔,20,-,화:0 수:3 뇌:-3 빙:0 용:1,탄환 절약 Lv 1,2
텐고암,팔,22,-,화:-2 수:2 뇌:2 빙:-4 용:2,기절 내성 Lv 1,2
랑그로암,팔,20,-,화:2 수:-3 뇌:0 빙:-1 용:1,회피 거리 UP Lv 1,2
가브라스슈트글러브,팔,18,-,화:1 수:1 뇌:1 빙:1 용:2,회심격[속성] Lv 1풍압 내성 Lv 1,2
바이크암,팔,18,-,화:0 수:3 뇌:-2 빙:-1 용:0,통상탄/연사화살 강화 Lv 1,2
마기르라마,팔,18,-,화:-3 수:1 뇌:0 빙:3 용:0,폭파 피해 내성 Lv 1,2
데스기어파오스트,팔,18,-,화:3 수:1 뇌:1 빙:-1 용:0,혼신 Lv 1,2
멜호아라마,팔,18,-,화:0 수:1 뇌:3 빙:0 용:0,체력 회복량 UP Lv 1마비 내성 Lv 1,2
잉곳암,팔,18,-,화:-1 수:-1 뇌:1 빙:0 용:0,번개속성 공격 강화 Lv 2,2
요츠미암,팔,18,-,화:-1 수:4 뇌:-2 빙:1 용:0,특수 사격 강화 Lv 1,2
푸루푸루암,팔,16,-,화:-4 수:1 뇌:4 빙:2 용:1,번개속성 공격 강화 Lv 1회복 속도 Lv 1벽면 이동 Lv 1,2
보로스암,팔,18,-,화:-3 수:-1 뇌:3 빙:-1 용:0,활주 강화 Lv 1,2
루드로스암,팔,18,-,화:-3 수:4 뇌:-1 빙:0 용:0,런너 Lv 1,2
아케노암,팔,16,-,화:3 수:-3 뇌:-1 빙:0 용:0,불속성 공격 강화 Lv 1,2
프로기암,팔,16,-,화:2 수:-2 뇌:1 빙:-4 용:0,장전 확장 Lv 1,2
쿠루루암,팔,16,-,화:0 수:-3 뇌:0 빙:1 용:0,KO술 Lv 1,2
구룡의가죽장갑,팔,14,-,화:0 수:0 뇌:0 빙:1 용:0,공격 Lv 1,2
브나하글러브,팔,14,-,화:-2 수:0 뇌:0 빙:0 용:2,회피 성능 Lv 1,2
리노프로암,팔,14,-,화:2 수:0 뇌:0 빙:-2 용:0,포술 Lv 1,2
알브로글러브,팔,12,-,화:0 수:2 뇌:1 빙:-1 용:0,반동 경감 Lv 1,2
"스파이오마노,여성용",팔,12,-,화:3 수:-1 뇌:-1 빙:-1 용:3,독 내성 Lv 1,2
에델라마,팔,12,-,화:-1 수:3 뇌:-1 빙:0 용:0,독 내성 Lv 1,2
본암,팔,10,-,화:0 수:0 뇌:0 빙:-1 용:0,스태미나 탈취 Lv 1,2
얼로이암,팔,10,-,화:-1 수:0 뇌:-1 빙:-1 용:0,간파 Lv 1,2
울크암,팔,10,-,화:-3 수:1 뇌:0 빙:4 용:0,얼음속성 공격 강화 Lv 1,1
아시라암,팔,10,-,화:-2 수:0 뇌:-2 빙:0 용:0,방어 Lv 1,1
바기암,팔,10,-,화:-4 수:-1 뇌:-1 빙:2 용:1,얼음속성 공격 강화 Lv 1수면 내성 Lv 1,1
이즈치암,팔,10,-,화:2 수:-1 뇌:-2 빙:0 용:0,체술 Lv 1,1
헌터암,팔,4,-,화:0 수:0 뇌:0 빙:0 용:0,납도술 Lv 1,1
체인글러브,팔,4,-,화:0 수:0 뇌:1 빙:0 용:0,식생학 Lv 1,1
레더글러브,팔,1,-,화:0 수:0 뇌:0 빙:0 용:0,지질학 Lv 1,1
카무라토시,팔,1,-,화:1 수:0 뇌:0 빙:0 용:0,재난대처능력 Lv 1,1
"프라그마폴드,여성용",허리,122,4 2 -,화:-2 수:2 뇌:-1 빙:2 용:-4,광룡증[상] Lv 1광룡증[식] Lv 1약점 특효 Lv 2,10
프라이멀폴드,허리,125,4 4 2,화:-2 수:2 뇌:2 빙:-1 용:-5,연격 Lv 2슈퍼회심 Lv 1,10
"버추스폴드,남성용",허리,122,4 2 -,화:-2 수:2 뇌:-1 빙:2 용:-4,광룡증[상] Lv 1광룡증[식] Lv 1약점 특효 Lv 2,10
황천[띠],허리,125,4 3 -,화:-3 수:4 뇌:0 빙:0 용:-5,힘의 해방 Lv 4,10
"네피림폴드,여성용",허리,118,3 1 1,화:-4 수:3 뇌:-2 빙:2 용:-4,분투 Lv 1간파 Lv 2앙심 Lv 2,10
라비나코일,허리,123,3 3 2,화:-3 수:2 뇌:-1 빙:4 용:-1,냉기 연성 Lv 1집중 Lv 3,10
혁요의코일-역,허리,121,4 1 1,화:-2 수:-2 뇌:-2 빙:-2 용:3,용기 변환 Lv 1스태미나 급속 회복 Lv 3공격 Lv 1,10
리발크샤나안다,허리,124,3 1 -,화:-1 수:2 뇌:-2 빙:3 용:-3,강각의 은혜 Lv 2공격 Lv 2체력 회복량 UP Lv 3,10
리발카이저코일,허리,124,4 3 -,화:4 수:-4 뇌:1 빙:-1 용:-3,분진전 Lv 1달인의 재주 Lv 2탄도 강화 Lv 2,10
"카오스폴드,남성용",허리,118,3 1 1,화:-4 수:3 뇌:-2 빙:2 용:-4,분투 Lv 1간파 Lv 2앙심 Lv 2,10
미즈하허리띠-각성,허리,125,4 4 -,화:-5 수:1 뇌:0 빙:3 용:-3,밧줄벌레꾼 Lv 2공세 Lv 1,10
음양인당대,허리,120,2 2 1,화:2 수:0 뇌:-1 빙:-3 용:1,선위 Lv 1도전자 Lv 3교격 Lv 1,10
"에스피나Z네이블,[1]",허리,122,4 1 1,화:3 수:-4 뇌:-1 빙:2 용:-3,차지 마스터 Lv 2런너 Lv 1연격 Lv 1,10
월광허리끈,허리,118,3 1 1,화:3 수:3 뇌:0 빙:-5 용:-2,기습 Lv 1장인 Lv 2산탄/확산화살 강화 Lv 2,10
실버솔코일,허리,122,2 1 1,화:4 수:-4 뇌:-3 빙:-2 용:3,약점 특효[속성] Lv 1합기 Lv 1체술 Lv 3,10
골드루나코일,허리,120,3 2 -,화:3 수:-3 뇌:-4 빙:-1 용:2,상태 이상 확정 축적 Lv 1공세 Lv 1회피 성능 Lv 2,10
프라이드코일,허리,123,2 1 1,화:3 수:0 뇌:-2 빙:-3 용:-1,힘의 해방 Lv 3스태미나 급속 회복 Lv 1귀마개 Lv 1,10
거점사령관의대갑,허리,118,4 - -,화:1 수:1 뇌:1 빙:1 용:1,발도술[힘] Lv 3납도술 Lv 1,10
"마가이허리갑옷-원,[3]",허리,124,4 2 1,화:3 수:-3 뇌:-2 빙:1 용:1,업개[수라] Lv 1전화위복 Lv 1,10
"노천띠,[1]",허리,122,3 - -,화:2 수:1 뇌:3 빙:-5 용:2,연격 Lv 1회심격[속성] Lv 2명검 Lv 1탄환 절약 Lv 1,10
혁요의코일-진,허리,124,2 1 -,화:-2 수:-2 뇌:-2 빙:-2 용:3,용기 활성 Lv 1돌파구 Lv 1앙심 Lv 2,10
천둥의허리-진,허리,122,2 - -,화:2 수:1 뇌:4 빙:-3 용:-4,뇌문의 일치 Lv 1가드 성능 Lv 1포술 Lv 1풍뢰합일 Lv 1,10
돌풍의허리-진,허리,122,2 - -,화:-1 수:0 뇌:0 빙:0 용:-2,풍문의 일치 Lv 1강화 지속 Lv 1회피 성능 Lv 1풍뢰합일 Lv 1,10
"명연전갑 이레울라,[2]",허리,126,4 - -,화:0 수:3 뇌:-2 빙:3 용:-5,약점 특효 Lv 1연격 Lv 2,10
길드팰리스코일,허리,120,3 1 -,화:1 수:2 뇌:2 빙:1 용:1,재난대처능력 Lv 2공격적인 방어 Lv 1,9
"세일러코일,[2]",허리,114,3 - -,화:0 수:0 뇌:0 빙:0 용:0,칼날 연마 Lv 3밧줄벌레꾼 Lv 1탄도 강화 Lv 3,9
메듀레트X코일,허리,114,3 1 -,화:1 수:3 뇌:0 빙:2 용:0,파괴왕 Lv 2차지 마스터 Lv 2,9
시커벨트,허리,114,3 1 -,화:2 수:2 뇌:2 빙:2 용:2,버섯 애호가 Lv 2회복 속도 Lv 1,9
사쥬코일,허리,114,3 1 1,화:0 수:0 뇌:0 빙:0 용:0,납도술 Lv 3만족감 Lv 1,9
"샤리테스커트,여성용",허리,114,2 2 1,화:1 수:1 뇌:1 빙:1 용:1,내진 Lv 3움찔 감소 Lv 2,9
"프로프벨트,남성용",허리,114,2 2 1,화:1 수:1 뇌:1 빙:1 용:1,내진 Lv 3움찔 감소 Lv 2,9
"멜제코일,[2]",허리,120,1 1 -,화:-2 수:2 뇌:2 빙:-1 용:-5,혈기 Lv 2파괴왕 Lv 1공격 Lv 1,9
"필리아코일,여성용",허리,120,4 - -,화:-2 수:2 뇌:-1 빙:2 용:-4,전화위복 Lv 1명검 Lv 2탄환 절약 Lv 2,9
"아크코일,남성용",허리,120,4 - -,화:-2 수:2 뇌:-1 빙:2 용:-4,전화위복 Lv 1명검 Lv 2탄환 절약 Lv 2,9
"카이저X코일,[1]",허리,120,3 - -,화:4 수:-4 뇌:1 빙:-1 용:-3,염린의 은혜 Lv 2간파 Lv 1,9
미즈하허리띠-진,허리,120,1 1 1,화:-5 수:1 뇌:0 빙:3 용:-3,하피의 은혜 Lv 1완전 충전 Lv 2공세 Lv 1,9
크샤나X안다,허리,120,2 - -,화:-1 수:2 뇌:-2 빙:3 용:-3,강각의 은혜 Lv 1도전자 Lv 3,9
다마스크X코일,허리,114,2 - -,화:-1 수:2 뇌:-3 빙:1 용:-1,귀마개 Lv 1장인 Lv 1관통탄/관통화살 강화 Lv 1속성 피해 내성 Lv 1,9
바젤X코일,허리,118,2 2 -,화:3 수:1 뇌:-4 빙:-2 용:-2,포탄 장전 Lv 2가드 성능 Lv 1명검 Lv 1,9
제천띠-진,허리,116,4 - -,화:2 수:1 뇌:3 빙:-5 용:2,재난대처능력 Lv 1슈퍼회심 Lv 1혼신 Lv 1,9
그로시아코일,허리,112,3 - -,화:0 수:0 뇌:0 빙:3 용:0,내진 Lv 2스태미나 탈취 Lv 1공격 Lv 1,9
발바니아벨트,허리,110,2 1 1,화:1 수:1 뇌:1 빙:1 용:1,약점 특효 Lv 1역습 Lv 1행운 Lv 1,9
디그니퀴이스,허리,112,3 - -,화:1 수:1 뇌:1 빙:1 용:1,집중 Lv 1회피 성능 Lv 2명검 Lv 1,9
"에콜스커트,여성용",허리,110,1 1 1,화:0 수:0 뇌:0 빙:0 용:0,빨리 먹기 Lv 2체술 Lv 2,9
"호크코일,남성용",허리,110,1 1 1,화:0 수:0 뇌:0 빙:0 용:0,빨리 먹기 Lv 2체술 Lv 2,9
중장기사의대갑,허리,114,-,화:1 수:1 뇌:1 빙:1 용:1,가드 성능 Lv 1납도술 Lv 1공격적인 방어 Lv 2,9
에스피나네이블,허리,116,3 1 -,화:3 수:-1 뇌:2 빙:-3 용:-2,도전자 Lv 2칼날 연마 Lv 1,9
루나가로코일,허리,114,4 - -,화:-4 수:2 뇌:-1 빙:4 용:-1,힘의 해방 Lv 2밧줄벌레꾼 Lv 1,9
젝스코일,허리,114,2 1 -,화:0 수:-1 뇌:4 빙:-3 용:0,강화 지속 Lv 3숫돌 사용 고속화 Lv 2,9
레기오스코일,허리,114,4 1 1,화:4 수:0 뇌:-3 빙:-2 용:0,벽면 이동[상] Lv 1벽면 이동 Lv 2,9
고어코일,허리,112,4 2 -,화:-2 수:3 뇌:-1 빙:2 용:-1,전화위복 Lv 1도전자 Lv 1,9
디아블로X코일,허리,118,4 1 -,화:3 수:-1 뇌:-1 빙:-3 용:-1,재난대처능력 Lv 1스태미나 급속 회복 Lv 2,9
렉스X코일,허리,118,2 1 -,화:2 수:0 뇌:-3 빙:0 용:-2,귀마개 Lv 2완전 충전 Lv 1,9
진오우X코일,허리,116,3 1 -,화:0 수:-1 뇌:4 빙:-4 용:1,힘의 해방 Lv 1회심격[속성] Lv 1번개속성 공격 강화 Lv 3,9
"레우스X코일,[1]",허리,114,2 - -,화:3 수:1 뇌:-2 빙:1 용:-3,공격 Lv 2풍압 내성 Lv 3슈퍼회심 Lv 1,9
미츠네X코일,허리,114,4 1 -,화:0 수:2 뇌:-3 빙:1 용:-1,거품의 춤 Lv 1만족감 Lv 1체술 Lv 1,9
가브라스슈트X벨트,허리,112,2 2 -,화:1 수:1 뇌:1 빙:1 용:3,회심격[속성] Lv 2독 내성 Lv 1,9
코트르X코일,허리,112,3 - -,화:4 수:-2 뇌:0 빙:-1 용:0,가드 강화 Lv 1특수 사격 강화 Lv 1회피 성능 Lv 1,9
크롬메탈X코일,허리,110,3 2 1,화:-2 수:-2 뇌:-2 빙:-2 용:-2,움찔 감소 Lv 1,9
"무녀속치마-요,여성용",허리,110,4 - -,화:3 수:0 뇌:0 빙:0 용:0,빨리 먹기 Lv 1만족감 Lv 1체력 회복량 UP Lv 1,9
"이면우츠시허리띠-진,남성용",허리,110,2 - -,화:3 수:0 뇌:0 빙:0 용:0,도전자 Lv 2밧줄벌레꾼 Lv 1공격 Lv 1,9
"무복속치마-광,여성용",허리,110,2 - -,화:3 수:0 뇌:0 빙:0 용:0,도전자 Lv 2밧줄벌레꾼 Lv 1공격 Lv 1,9
"표면우츠시허리띠-진,남성용",허리,110,4 - -,화:3 수:0 뇌:0 빙:0 용:0,빨리 먹기 Lv 1만족감 Lv 1체력 회복량 UP Lv 1,9
야츠카다Z코일,허리,112,3 - -,화:2 수:-4 뇌:2 빙:-2 용:2,완전 충전 Lv 2폭파속성 강화 Lv 2,9
오로미도Z코일,허리,112,3 3 -,화:5 수:-5 뇌:0 빙:-4 용:0,돌파구 Lv 1가드 강화 Lv 1,9
야츠카다X코일,허리,108,2 2 -,화:4 수:-2 뇌:-1 빙:-3 용:0,산탄/확산화살 강화 Lv 1탄환 절약 Lv 1튠 업 Lv 1,8
오로미도X코일,허리,108,4 1 -,화:-4 수:3 뇌:3 빙:-2 용:-2,회피 성능 Lv 2강화 지속 Lv 1탄환 절약 Lv 1,8
기자미코일,허리,108,1 - -,화:-3 수:1 뇌:-4 빙:-1 용:2,연마술[예] Lv 1장인 Lv 1간파 Lv 2,8
고르무폴드,허리,112,3 2 -,화:-1 수:3 뇌:-2 빙:0 용:2,향응 Lv 1집중 Lv 1혼신 Lv 2,8
고샤X코일,허리,106,2 1 1,화:-4 수:1 뇌:-1 빙:4 용:0,발도술[힘] Lv 1앙심 Lv 2납도술 Lv 1,8
"나르가X코일,[1]",허리,108,2 - -,화:-2 수:1 뇌:-3 빙:1 용:1,회피 거리 UP Lv 2간파 Lv 2움찔 감소 Lv 1,8
마가이허리갑옷-진,허리,110,4 - -,화:3 수:-3 뇌:-2 빙:1 용:1,귀화전 Lv 1귀마개 Lv 1,8
벨리오X코일,허리,108,1 - -,화:-5 수:0 뇌:-1 빙:3 용:0,발도술[기] Lv 1간파 Lv 3파괴왕 Lv 1,8
브리게이드X코일,허리,106,3 1 -,화:1 수:0 뇌:2 빙:0 용:2,행운 Lv 2,8
가디언코일,허리,108,4 1 1,화:2 수:0 뇌:0 빙:2 용:3,양동 Lv 1숫돌 사용 고속화 Lv 1속성 피해 내성 Lv 2,8
"스콜라스커트,여성용",허리,104,4 1 -,화:0 수:0 뇌:0 빙:0 용:0,회피 성능 Lv 1행운 Lv 1피리 명인 Lv 1,8
"길드버드코일,남성용",허리,104,4 1 -,화:0 수:0 뇌:0 빙:0 용:0,회피 성능 Lv 1행운 Lv 1피리 명인 Lv 1,8
포술대[허리],허리,106,2 - -,화:1 수:1 뇌:1 빙:1 용:1,장전 확장 Lv 2장전 속도 Lv 1,8
"파르메르X앙카,여성용",허리,110,4 - -,화:-2 수:0 뇌:3 빙:-2 용:2,용속성 공격 강화 Lv 3간파 Lv 1,8
"르와가X앙카,남성용",허리,110,4 - -,화:-2 수:0 뇌:3 빙:-2 용:2,용속성 공격 강화 Lv 3간파 Lv 1,8
마카르파X코일,허리,104,3 2 -,화:1 수:2 뇌:-2 빙:0 용:0,수면 내성 Lv 1물속성 공격 강화 Lv 2돌파구 Lv 1,8
데스기어X네이블,허리,110,2 1 -,화:3 수:1 뇌:1 빙:-1 용:0,칼날 연마 Lv 1혼신 Lv 1공격 Lv 1,8
마기르X오하,허리,100,4 - -,화:-3 수:1 뇌:0 빙:3 용:0,불속성 공격 강화 Lv 3움찔 감소 Lv 1회심격[속성] Lv 1,8
바이크X코일,허리,100,4 - -,화:0 수:3 뇌:-2 빙:-1 용:0,통상탄/연사화살 강화 Lv 1회복 속도 Lv 2명검 Lv 1,8
도베르X코일,허리,104,2 - -,화:-2 수:0 뇌:0 빙:0 용:4,용속성 공격 강화 Lv 1공격 Lv 2런너 Lv 2,8
"쟈나프X코일,[3]",허리,98,4 1 1,화:3 수:-3 뇌:-1 빙:-1 용:0,공격 Lv 2,8
카가치X코일,허리,96,4 1 -,화:0 수:-3 뇌:3 빙:0 용:0,심안 Lv 2회심격[속성] Lv 1관통탄/관통화살 강화 Lv 1,8
레이아X코일,허리,96,2 - -,화:3 수:0 뇌:-2 빙:0 용:-3,체력 회복량 UP Lv 2광역화 Lv 1도전자 Lv 1,8
이소네Z코일,허리,108,4 2 -,화:-3 수:1 뇌:-1 빙:3 용:2,달인의 재주 Lv 1얼음속성 공격 강화 Lv 2,8
이소네X코일,허리,96,4 - -,화:-1 수:2 뇌:-3 빙:0 용:1,수면속성 강화 Lv 1보머 Lv 1장전 확장 Lv 1,8
바살X코일,허리,100,4 - -,화:0 수:-2 뇌:1 빙:1 용:-3,숫돌 사용 고속화 Lv 2방어 Lv 3힘의 해방 Lv 1장전 속도 Lv 1,8
"쥬라X코일,[1]",허리,96,1 1 -,화:-1 수:2 뇌:-3 빙:0 용:0,가드 강화 Lv 1강화 지속 Lv 1공격적인 방어 Lv 2,8
푸케푸케X코일,허리,96,4 2 -,화:0 수:3 뇌:-3 빙:0 용:1,탄환 절약 Lv 1독속성 강화 Lv 2,8
텐고Z코일,허리,96,1 - -,화:2 수:-4 뇌:-2 빙:0 용:2,폭파속성 강화 Lv 2장인 Lv 2산탄/확산화살 강화 Lv 2,8
텐고X코일,허리,96,1 1 -,화:-2 수:2 뇌:2 빙:-4 용:2,아이템 사용 강화 Lv 1혼신 Lv 2빨리 먹기 Lv 1,8
푸루푸루X코일,허리,96,4 1 1,화:-4 수:1 뇌:4 빙:2 용:1,집중 Lv 1KO술 Lv 1,8
유쿠모허리띠,허리,92,2 1 -,화:0 수:0 뇌:2 빙:0 용:0,간파 Lv 1회피 성능 Lv 1귀마개 Lv 1,8
"경장기사의대갑,[4]",허리,100,3 - -,화:1 수:1 뇌:1 빙:1 용:1,약점 특효 Lv 1슈퍼회심 Lv 1공격적인 방어 Lv 1,8
오행의 띠,허리,100,4 - -,화:0 수:0 뇌:0 빙:0 용:3,속성 피해 내성 Lv 2탑승 명인 Lv 1,8
멜호아X오하,허리,92,4 2 -,화:0 수:1 뇌:3 빙:0 용:0,식생학 Lv 1회복 속도 Lv 1스태미나 급속 회복 Lv 1,8
알브로X파레오,허리,96,4 1 -,화:0 수:2 뇌:1 빙:-1 용:0,탄도 강화 Lv 1통상탄/연사화살 강화 Lv 1,8
에델X오하,허리,96,4 2 -,화:-1 수:3 뇌:-1 빙:0 용:0,체력 회복량 UP Lv 1광역화 Lv 1,8
"스파이오X앙카,여성용",허리,98,1 - -,화:3 수:-1 뇌:-1 빙:-1 용:3,약점 특효 Lv 2독 내성 Lv 1,8
"스칼다X앙카,남성용",허리,98,1 - -,화:3 수:-1 뇌:-1 빙:-1 용:3,약점 특효 Lv 2독 내성 Lv 1,8
잉곳X코일,허리,94,3 - -,화:-1 수:-1 뇌:1 빙:0 용:0,강화 지속 Lv 2공격 Lv 1,8
요츠미X코일,허리,90,2 - -,화:-1 수:4 뇌:-2 빙:1 용:0,재난대처능력 Lv 2회피 거리 UP Lv 2,8
자자미코일,허리,94,2 2 -,화:-5 수:1 뇌:-3 빙:-1 용:2,튠 업 Lv 1장인 Lv 1납도술 Lv 1,8
보로스X코일,허리,94,3 - -,화:-3 수:-1 뇌:3 빙:-1 용:0,가드 성능 Lv 3방어 Lv 1,8
루드로스X코일,허리,92,2 - -,화:-3 수:4 뇌:-1 빙:0 용:0,런너 Lv 1완전 충전 Lv 2,8
아케노X코일,허리,88,4 1 -,화:3 수:-3 뇌:-1 빙:0 용:0,납도술 Lv 1회심격[속성] Lv 1,8
랑그로X코일,허리,94,2 - -,화:2 수:-3 뇌:0 빙:-1 용:1,귀마개 Lv 2,8
울크X코일,허리,86,2 - -,화:-3 수:1 뇌:0 빙:3 용:0,체술 Lv 3,8
아시라X코일,허리,86,2 1 -,화:-2 수:0 뇌:-2 빙:0 용:0,역습 Lv 1방어 Lv 3빨리 먹기 Lv 1,8
프로기X코일,허리,88,1 - -,화:2 수:-2 뇌:1 빙:-4 용:0,장전 확장 Lv 2독속성 강화 Lv 2,8
쿠루루X코일,허리,86,4 1 -,화:0 수:-3 뇌:0 빙:1 용:0,스태미나 탈취 Lv 1혼신 Lv 1,8
바기X코일,허리,86,3 - -,화:-4 수:-1 뇌:-1 빙:2 용:1,공격 Lv 2수면 내성 Lv 1,8
이즈치X코일,허리,86,1 1 -,화:2 수:-1 뇌:-2 빙:0 용:0,간파 Lv 2체술 Lv 1,8
람포스폴드,허리,86,4 - -,화:0 수:0 뇌:0 빙:-2 용:0,공격 Lv 1포획 명인 Lv 1,8
랑고폴드,허리,84,4 1 -,화:-2 수:1 뇌:1 빙:1 용:2,납도술 Lv 1마비 내성 Lv 1,8
타로스폴드,허리,86,4 - -,화:-1 수:-1 뇌:-1 빙:-1 용:4,용속성 공격 강화 Lv 2용 내성 Lv 3,8
브나하X코일,허리,84,3 1 -,화:-2 수:0 뇌:0 빙:0 용:2,마비속성 강화 Lv 2회피 성능 Lv 1,8
드로스X코일,허리,90,4 1 -,화:-2 수:4 뇌:-1 빙:0 용:0,양동 Lv 1앙심 Lv 1,8
리노프로X코일,허리,90,4 - -,화:2 수:0 뇌:0 빙:-2 용:0,내진 Lv 2포탄 장전 Lv 1특수 사격 강화 Lv 1,8
본X코일,허리,82,2 1 -,화:0 수:0 뇌:0 빙:-1 용:0,집중 Lv 1파괴왕 Lv 2,8
얼로이X코일,허리,82,3 1 -,화:-1 수:0 뇌:-1 빙:-1 용:0,물속성 공격 강화 Lv 3간파 Lv 1,8
헌터X코일,허리,82,1 1 -,화:0 수:0 뇌:0 빙:0 용:0,기절 내성 Lv 2장인 Lv 1아이템 사용 강화 Lv 1,8
체인X벨트,허리,82,1 1 1,화:0 수:0 뇌:1 빙:0 용:0,가드 성능 Lv 2움찔 감소 Lv 1방어 Lv 2,8
레더X벨트,허리,80,2 1 -,화:0 수:0 뇌:0 빙:0 용:0,체력 회복량 UP Lv 2배고픔 내성 Lv 2,8
"카무라허리띠-계,[1]",허리,80,4 1 -,화:2 수:0 뇌:0 빙:0 용:0,밧줄벌레꾼 Lv 1간파 Lv 1,8
푸른빛무사[띠],허리,72,3 1 -,화:2 수:2 뇌:0 빙:0 용:2,납도술 Lv 1물속성 공격 강화 Lv 2회심격[속성] Lv 1,7
혁요의코일,허리,80,2 - -,화:-2 수:-2 뇌:-2 빙:-2 용:3,용기 활성 Lv 1돌파구 Lv 1앙심 Lv 2,7
브리게이드S코일,허리,62,3 1 -,화:1 수:0 뇌:2 빙:0 용:2,행운 Lv 1,7
바젤코일,허리,72,2 2 -,화:3 수:1 뇌:-4 빙:-2 용:-2,포탄 장전 Lv 1가드 성능 Lv 1,7
카이저코일,허리,74,3 - -,화:4 수:-4 뇌:1 빙:-1 용:-3,염린의 은혜 Lv 1간파 Lv 1,7
미즈하허리띠,허리,74,1 - -,화:-5 수:1 뇌:0 빙:3 용:-3,하피의 은혜 Lv 1독속성 강화 Lv 1완전 충전 Lv 2,7
크샤나안다,허리,74,1 - -,화:-1 수:2 뇌:-2 빙:3 용:-3,강각의 은혜 Lv 1회복 속도 Lv 1장인 Lv 1관통탄/관통화살 강화 Lv 1,7
다마스크코일,허리,68,1 - -,화:-1 수:2 뇌:-3 빙:1 용:-1,귀마개 Lv 1장인 Lv 1,7
천둥의허리,허리,76,-,화:2 수:1 뇌:4 빙:-3 용:-4,가드 성능 Lv 1포술 Lv 1뇌문의 일치 Lv 1풍뢰합일 Lv 1,7
돌풍의허리,허리,66,-,화:-1 수:0 뇌:0 빙:0 용:-2,강화 지속 Lv 1회피 성능 Lv 1풍문의 일치 Lv 1풍뢰합일 Lv 1,7
금빛띠,허리,70,1 - -,화:2 수:1 뇌:3 빙:-5 용:2,슈퍼회심 Lv 1혼신 Lv 1재난대처능력 Lv 1,7
"르와가S앙카,남성용",허리,62,1 - -,화:-2 수:0 뇌:3 빙:-2 용:2,용속성 공격 강화 Lv 3,6
야츠카다코일,허리,66,2 2 -,화:4 수:-2 뇌:-1 빙:-3 용:1,산탄/확산화살 강화 Lv 1,6
디아블로S코일,허리,64,1 1 -,화:3 수:-1 뇌:-1 빙:-3 용:-1,스태미나 급속 회복 Lv 1가드 성능 Lv 1,6
렉스S코일,허리,64,2 1 -,화:2 수:0 뇌:-3 빙:0 용:-2,귀마개 Lv 2,6
오로미도S코일,허리,64,2 1 -,화:-4 수:3 뇌:3 빙:-2 용:-2,강화 지속 Lv 1회피 성능 Lv 1,6
고샤S코일,허리,64,2 1 -,화:-4 수:1 뇌:-1 빙:4 용:0,앙심 Lv 1발도술[힘] Lv 1,6
마가이허리갑옷-패,허리,64,3 - -,화:3 수:-3 뇌:-2 빙:1 용:1,귀화전 Lv 1,6
메듀레트S코일,허리,62,2 1 -,화:1 수:3 뇌:0 빙:2 용:0,파괴왕 Lv 2,6
"파르메르S앙카,여성용",허리,62,1 - -,화:-2 수:0 뇌:3 빙:-2 용:2,용속성 공격 강화 Lv 3,6
진오우S코일,허리,62,3 1 -,화:0 수:-1 뇌:4 빙:-4 용:1,힘의 해방 Lv 1,6
"레우스S코일,[2]",허리,62,2 - -,화:3 수:1 뇌:-2 빙:1 용:-3,공격 Lv 2풍압 내성 Lv 1,6
미츠네S코일,허리,60,2 1 -,화:0 수:2 뇌:-3 빙:1 용:-1,거품의 춤 Lv 1만족감 Lv 1,6
나르가S코일,허리,60,2 - -,화:-2 수:1 뇌:-3 빙:1 용:1,회피 거리 UP Lv 2간파 Lv 1,6
"쟈나프S코일,[3]",허리,60,2 1 1,화:3 수:-3 뇌:-1 빙:-1 용:0,공격 Lv 2,6
"이면우츠시허리띠-패,남성용",허리,52,1 - -,화:3 수:0 뇌:0 빙:0 용:0,도전자 Lv 2밧줄벌레꾼 Lv 1,5
"표면우츠시허리띠-패,남성용",허리,52,2 - -,화:3 수:0 뇌:0 빙:0 용:0,빨리 먹기 Lv 1만족감 Lv 1,5
카가치S코일,허리,58,1 1 -,화:0 수:-3 뇌:3 빙:0 용:0,심안 Lv 2,5
벨리오S코일,허리,58,1 - -,화:-3 수:0 뇌:-1 빙:3 용:0,간파 Lv 2발도술[기] Lv 1,5
이소네S코일,허리,58,3 - -,화:-1 수:2 뇌:-3 빙:0 용:1,수면속성 강화 Lv 1보머 Lv 1,5
가브라스슈트S벨트,허리,52,1 1 -,화:1 수:1 뇌:1 빙:1 용:3,회심격[속성] Lv 2,5
코트르S코일,허리,52,2 1 -,화:4 수:-2 뇌:0 빙:-1 용:0,불속성 공격 강화 Lv 2,5
"무복속치마-원,여성용",허리,52,1 - -,화:3 수:0 뇌:0 빙:0 용:0,도전자 Lv 2밧줄벌레꾼 Lv 1,5
"무녀속치마-기,여성용",허리,52,2 - -,화:3 수:0 뇌:0 빙:0 용:0,빨리 먹기 Lv 1만족감 Lv 1,5
마카르파S코일,허리,52,3 - -,화:1 수:2 뇌:-2 빙:0 용:0,수면 내성 Lv 1,5
바이크S코일,허리,52,2 - -,화:0 수:3 뇌:-2 빙:-1 용:0,통상탄/연사화살 강화 Lv 1,5
마기르S오하,허리,52,1 - -,화:-3 수:1 뇌:0 빙:3 용:0,불속성 공격 강화 Lv 3,5
데스기어S네이블,허리,52,1 1 -,화:3 수:1 뇌:1 빙:-1 용:0,혼신 Lv 1칼날 연마 Lv 1,5
멜호아S오하,허리,52,2 - -,화:0 수:1 뇌:3 빙:0 용:0,식생학 Lv 1회복 속도 Lv 1,5
알브로S파레오,허리,52,3 1 -,화:0 수:2 뇌:1 빙:-1 용:0,탄도 강화 Lv 1,5
도베르코일,허리,52,2 - -,화:-2 수:0 뇌:0 빙:0 용:4,공격 Lv 2용속성 공격 강화 Lv 1,5
크롬메탈코일,허리,46,3 2 1,화:-2 수:-2 뇌:-2 빙:-2 용:-2,,5
레이아S코일,허리,52,2 - -,화:3 수:0 뇌:-2 빙:0 용:-3,체력 회복량 UP Lv 2광역화 Lv 1,5
바살S코일,허리,52,2 - -,화:0 수:-2 뇌:1 빙:1 용:-3,방어 Lv 2숫돌 사용 고속화 Lv 2,5
쥬라코일,허리,48,1 1 -,화:-1 수:2 뇌:-3 빙:0 용:0,강화 지속 Lv 1가드 강화 Lv 1공격적인 방어 Lv 1,5
푸케푸케S코일,허리,50,2 1 -,화:0 수:3 뇌:-3 빙:0 용:1,독속성 강화 Lv 2탄환 절약 Lv 1,5
텐고S코일,허리,52,1 1 -,화:-2 수:2 뇌:2 빙:-4 용:2,혼신 Lv 1아이템 사용 강화 Lv 1,5
"스칼다S앙카,[4] 남성용",허리,32,-,화:3 수:-1 뇌:-1 빙:-1 용:3,약점 특효 Lv 2,4
보로스S코일,허리,50,1 - -,화:-3 수:-1 뇌:3 빙:-1 용:0,가드 성능 Lv 2방어 Lv 1,4
루드로스S코일,허리,48,1 - -,화:-3 수:4 뇌:-1 빙:0 용:0,완전 충전 Lv 2런너 Lv 1,4
랑그로S코일,허리,50,1 1 -,화:2 수:-3 뇌:0 빙:-1 용:1,둔기 사용 Lv 1고속 변형 Lv 1,4
드로스S코일,허리,42,3 1 -,화:-2 수:4 뇌:-1 빙:0 용:0,양동 Lv 1,4
리노프로S코일,허리,42,3 1 -,화:2 수:0 뇌:0 빙:-2 용:0,내진 Lv 2,4
에델S오하,허리,40,2 - -,화:-1 수:3 뇌:-1 빙:0 용:0,체력 회복량 UP Lv 1,4
잉곳S코일,허리,40,2 - -,화:-1 수:-1 뇌:1 빙:0 용:0,강화 지속 Lv 2,4
요츠미S코일,허리,40,2 - -,화:-1 수:4 뇌:-2 빙:1 용:0,재난대처능력 Lv 2,4
푸루푸루S코일,허리,38,1 1 -,화:-4 수:1 뇌:4 빙:2 용:1,집중 Lv 1KO술 Lv 1,4
아케노S코일,허리,38,3 1 -,화:3 수:-3 뇌:-1 빙:0 용:0,납도술 Lv 1,4
울크S코일,허리,36,2 - -,화:-3 수:1 뇌:0 빙:3 용:0,체술 Lv 2,4
아시라S코일,허리,36,1 1 -,화:-2 수:0 뇌:-2 빙:0 용:0,방어 Lv 1역습 Lv 1,4
프로기S코일,허리,38,1 - -,화:2 수:-2 뇌:1 빙:-4 용:0,독속성 강화 Lv 2장전 확장 Lv 1,4
쿠루루S코일,허리,38,1 1 -,화:0 수:-3 뇌:0 빙:1 용:0,혼신 Lv 1스태미나 탈취 Lv 1,4
바기S코일,허리,36,1 - -,화:-4 수:-1 뇌:-1 빙:2 용:1,공격 Lv 2수면 내성 Lv 1,4
이즈치S코일,허리,36,1 1 -,화:2 수:-1 뇌:-2 빙:0 용:0,간파 Lv 2,4
브나하S코일,허리,34,1 1 -,화:-2 수:0 뇌:0 빙:0 용:2,마비속성 강화 Lv 1회피 성능 Lv 1,4
"스파이오S앙카,[6] 여성용",허리,32,-,화:3 수:-1 뇌:-1 빙:-1 용:3,약점 특효 Lv 2,4
본S코일,허리,32,2 1 -,화:0 수:0 뇌:0 빙:-1 용:0,집중 Lv 1,4
얼로이S코일,허리,32,1 1 -,화:-1 수:0 뇌:-1 빙:-1 용:0,물속성 공격 강화 Lv 2간파 Lv 1,4
헌터S코일,허리,32,1 1 -,화:0 수:0 뇌:0 빙:0 용:0,기절 내성 Lv 2,4
체인S벨트,허리,32,1 1 -,화:0 수:0 뇌:1 빙:0 용:0,가드 성능 Lv 1식생학 Lv 1,4
레더S벨트,허리,30,1 - -,화:0 수:0 뇌:0 빙:0 용:0,배고픔 내성 Lv 2체력 회복량 UP Lv 1,4
카무라허리띠-패,허리,30,1 1 -,화:2 수:0 뇌:0 빙:0 용:0,간파 Lv 1밧줄벌레꾼 Lv 1,4
"이면우츠시허리띠,남성용",허리,24,-,화:3 수:0 뇌:0 빙:0 용:0,도전자 Lv 1,3
"표면우츠시허리띠,남성용",허리,24,-,화:3 수:0 뇌:0 빙:0 용:0,빨리 먹기 Lv 1,3
"르와가앙카,남성용",허리,24,-,화:-2 수:0 뇌:3 빙:-2 용:2,용속성 공격 강화 Lv 1,3
디아블로코일,허리,30,-,화:3 수:-1 뇌:-1 빙:-3 용:-1,스태미나 급속 회복 Lv 1,3
렉스코일,허리,30,-,화:2 수:0 뇌:-3 빙:0 용:-2,귀마개 Lv 1,3
오로미도코일,허리,30,-,화:-4 수:3 뇌:3 빙:-2 용:-2,강화 지속 Lv 1,3
고샤코일,허리,30,-,화:-4 수:1 뇌:-1 빙:4 용:0,앙심 Lv 1발도술[힘] Lv 1,3
진오우코일,허리,28,-,화:0 수:-1 뇌:4 빙:-4 용:1,힘의 해방 Lv 1,3
레우스코일,허리,28,-,화:4 수:0 뇌:-2 빙:0 용:-4,공격 Lv 1풍압 내성 Lv 1,3
미츠네코일,허리,26,-,화:0 수:2 뇌:-3 빙:1 용:-1,만족감 Lv 1,3
나르가코일,허리,26,-,화:-2 수:1 뇌:-3 빙:1 용:1,회피 거리 UP Lv 1,3
"쟈나프코일,[2]",허리,26,-,화:3 수:-3 뇌:-1 빙:-1 용:0,공격 Lv 2,3
마가이허리갑옷,허리,28,-,화:3 수:-3 뇌:-2 빙:1 용:1,역습 Lv 2귀화전 Lv 1,3
브리게이드코일,허리,26,-,화:1 수:0 뇌:2 빙:0 용:2,속성 피해 내성 Lv 1,3
"무복속치마,여성용",허리,24,-,화:3 수:0 뇌:0 빙:0 용:0,도전자 Lv 1,3
"무녀속치마,여성용",허리,24,-,화:3 수:0 뇌:0 빙:0 용:0,빨리 먹기 Lv 1,3
메듀레트코일,허리,24,-,화:1 수:3 뇌:0 빙:2 용:0,파괴왕 Lv 1,3
"파르메르앙카,여성용",허리,24,-,화:-2 수:0 뇌:3 빙:-2 용:2,용속성 공격 강화 Lv 2,3
마카르파코일,허리,24,-,화:1 수:2 뇌:-2 빙:0 용:0,수면 내성 Lv 1,3
"스칼다앙카,남성용",허리,12,-,화:3 수:-1 뇌:-1 빙:-1 용:3,간파 Lv 1,2
카가치코일,허리,20,-,화:0 수:-3 뇌:3 빙:0 용:0,번개속성 공격 강화 Lv 2,2
벨리오코일,허리,20,-,화:-5 수:0 뇌:-1 빙:3 용:0,간파 Lv 2,2
레이아코일,허리,22,-,화:3 수:0 뇌:-2 빙:0 용:-3,체력 회복량 UP Lv 1광역화 Lv 1,2
이소네코일,허리,22,-,화:-1 수:2 뇌:-3 빙:0 용:1,보머 Lv 1,2
바살코일,허리,22,-,화:0 수:-2 뇌:1 빙:1 용:-3,방어 Lv 1숫돌 사용 고속화 Lv 1,2
푸케푸케코일,허리,20,-,화:0 수:3 뇌:-3 빙:0 용:1,독속성 강화 Lv 1,2
텐고코일,허리,22,-,화:-2 수:2 뇌:2 빙:-4 용:2,아이템 사용 강화 Lv 1,2
랑그로코일,허리,20,-,화:2 수:-3 뇌:0 빙:-1 용:1,고속 변형 Lv 1,2
가브라스슈트벨트,허리,18,-,화:1 수:1 뇌:1 빙:1 용:2,회심격[속성] Lv 1,2
코트르코일,허리,18,-,화:4 수:-2 뇌:0 빙:-1 용:0,불 내성 Lv 1,2
바이크코일,허리,18,-,화:0 수:3 뇌:-2 빙:-1 용:0,흔들림 억제 Lv 1,2
마기르오하,허리,18,-,화:-3 수:1 뇌:0 빙:3 용:0,불속성 공격 강화 Lv 1,2
데스기어네이블,허리,18,-,화:3 수:1 뇌:1 빙:-1 용:0,용 내성 Lv 1,2
멜호아오하,허리,18,-,화:0 수:1 뇌:3 빙:0 용:0,회복 속도 Lv 1식생학 Lv 1,2
잉곳코일,허리,18,-,화:-1 수:-1 뇌:1 빙:0 용:0,강화 지속 Lv 1,2
요츠미코일,허리,18,-,화:-1 수:4 뇌:-2 빙:1 용:0,재난대처능력 Lv 1,2
푸루푸루코일,허리,16,-,화:-4 수:1 뇌:4 빙:2 용:1,집중 Lv 1KO술 Lv 1,2
보로스코일,허리,18,-,화:-3 수:-1 뇌:3 빙:-1 용:0,가드 성능 Lv 1,2
루드로스코일,허리,18,-,화:-3 수:4 뇌:-1 빙:0 용:0,물속성 공격 강화 Lv 2,2
아케노코일,허리,16,-,화:3 수:-3 뇌:-1 빙:0 용:0,회복 속도 Lv 1,2
프로기코일,허리,16,-,화:2 수:-2 뇌:1 빙:-4 용:0,독속성 강화 Lv 1,2
쿠루루코일,허리,16,-,화:0 수:-3 뇌:0 빙:1 용:0,스태미나 탈취 Lv 1,2
브나하코일,허리,14,-,화:-2 수:0 뇌:0 빙:0 용:2,마비속성 강화 Lv 1,2
드로스코일,허리,14,-,화:-2 수:4 뇌:-1 빙:0 용:0,양동 Lv 1,2
리노프로코일,허리,14,-,화:2 수:0 뇌:0 빙:-2 용:0,내진 Lv 1,2
알브로파레오,허리,12,-,화:0 수:2 뇌:1 빙:-1 용:0,탄도 강화 Lv 1,2
"스파이오앙카,여성용",허리,12,-,화:3 수:-1 뇌:-1 빙:-1 용:3,간파 Lv 1,2
에델오하,허리,12,-,화:-1 수:3 뇌:-1 빙:0 용:0,번개 내성 Lv 1,2
본코일,허리,10,-,화:0 수:0 뇌:0 빙:-1 용:0,집중 Lv 1,2
얼로이코일,허리,10,-,화:-1 수:0 뇌:-1 빙:-1 용:0,물속성 공격 강화 Lv 1간파 Lv 1,2
울크코일,허리,10,-,화:-3 수:1 뇌:0 빙:4 용:0,체술 Lv 1,1
아시라코일,허리,10,-,화:-2 수:0 뇌:-2 빙:0 용:0,방어 Lv 1,1
바기코일,허리,10,-,화:-4 수:-1 뇌:-1 빙:2 용:1,수면 내성 Lv 1,1
이즈치코일,허리,10,-,화:2 수:-1 뇌:-2 빙:0 용:0,간파 Lv 1,1
헌터코일,허리,4,-,화:0 수:0 뇌:0 빙:0 용:0,기절 내성 Lv 1,1
체인벨트,허리,4,-,화:0 수:0 뇌:1 빙:0 용:0,가드 성능 Lv 1,1
레더벨트,허리,1,-,화:0 수:0 뇌:0 빙:0 용:0,체력 회복량 UP Lv 1,1
카무라허리띠,허리,1,-,화:1 수:0 뇌:0 빙:0 용:0,간파 Lv 1,1
"프라그마그리브,여성용",다리,122,4 3 1,화:-2 수:2 뇌:-1 빙:2 용:-4,광룡증[상] Lv 1광룡증[식] Lv 1분투 Lv 1,10
프라이멀그리브,다리,125,4 4 -,화:-2 수:2 뇌:2 빙:-1 용:-5,혈기각성 Lv 1슈퍼회심 Lv 1파괴왕 Lv 3,10
"버추스그리브,남성용",다리,122,4 3 1,화:-2 수:2 뇌:-1 빙:2 용:-4,광룡증[상] Lv 1광룡증[식] Lv 1분투 Lv 1,10
황천[하의],다리,125,4 4 -,화:-3 수:4 뇌:0 빙:0 용:-5,천의무붕 Lv 1슈퍼회심 Lv 2,10
"네피림그리브,여성용",다리,118,3 - -,화:-4 수:3 뇌:-2 빙:2 용:-4,광화 Lv 1광룡증[식] Lv 1전화위복 Lv 3,10
라비나그리브,다리,123,4 1 -,화:-3 수:2 뇌:-1 빙:4 용:-1,얼음속성 공격 강화 Lv 5회심격[속성] Lv 3약점 특효[속성] Lv 1,10
"혁요의그리브-역,[2]",다리,121,4 3 -,화:-2 수:-2 뇌:-2 빙:-2 용:3,슈퍼회심 Lv 1기절 내성 Lv 3공격 Lv 2,10
리발크샤나페일,다리,124,4 4 -,화:-1 수:2 뇌:-2 빙:3 용:-3,풍전 Lv 1연격 Lv 1,10
리발카이저퀴이스,다리,124,4 1 1,화:4 수:-4 뇌:1 빙:-1 용:-3,염린의 은혜 Lv 2약점 특효 Lv 1회심격[속성] Lv 2불속성 공격 강화 Lv 2,10
"카오스그리브,남성용",다리,118,3 - -,화:-4 수:3 뇌:-2 빙:2 용:-4,광화 Lv 1광룡증[식] Lv 1전화위복 Lv 3,10
미즈하갑주-각성,다리,125,4 1 1,화:-5 수:1 뇌:0 빙:3 용:-3,축적 시 공격 강화 Lv 1하피의 은혜 Lv 1회피 성능 Lv 2,10
음양인차고,다리,120,4 - -,화:2 수:0 뇌:-1 빙:-3 용:1,움찔 감소 Lv 3약점 특효 Lv 2공격적인 방어 Lv 2,10
"에스피나Z페르제,[1]",다리,122,4 1 -,화:3 수:-4 뇌:-1 빙:2 용:-3,강심 Lv 1공격 Lv 1연격 Lv 2,10
월광갑주,다리,118,3 - -,화:3 수:3 뇌:0 빙:-5 용:-2,기습 Lv 1교격 Lv 1장인 Lv 2장전 확장 Lv 2,10
실버솔그리브,다리,122,2 2 1,화:4 수:-4 뇌:-3 빙:-2 용:3,슈퍼회심 Lv 1합기 Lv 1혼신 Lv 2,10
골드루나그리브,다리,120,4 2 -,화:3 수:-3 뇌:-4 빙:-1 용:2,현여반석 Lv 3완전 충전 Lv 2체력 회복량 UP Lv 2,10
프라이드그리브,다리,123,2 2 -,화:3 수:0 뇌:-2 빙:-3 용:-1,근성 Lv 1스태미나 급속 회복 Lv 2스태미나 탈취 Lv 3,10
거점사령관의각갑,다리,118,2 2 -,화:1 수:1 뇌:1 빙:1 용:1,발도술[기] Lv 2납도술 Lv 1,10
마가이갑주-원,다리,124,4 - -,화:3 수:-3 뇌:-2 빙:1 용:1,귀화전 Lv 2역습 Lv 2밧줄벌레꾼 Lv 1,10
노천하의,다리,122,4 - -,화:2 수:1 뇌:3 빙:-5 용:2,격앙 Lv 1회피 거리 UP Lv 2,10
혁요의그리브-진,다리,124,3 1 -,화:-2 수:-2 뇌:-2 빙:-2 용:3,용기 활성 Lv 1앙심 Lv 3,10
천둥의다리-진,다리,122,2 - -,화:2 수:1 뇌:4 빙:-3 용:-4,뇌문의 일치 Lv 1회피 성능 Lv 1런너 Lv 1풍뢰합일 Lv 1,10
돌풍의다리-진,다리,122,2 - -,화:-1 수:0 뇌:0 빙:0 용:-2,풍문의 일치 Lv 1KO술 Lv 1가드 강화 Lv 1풍뢰합일 Lv 1,10
"명연전갑 이레스케로스,[1]",다리,126,3 2 2,화:0 수:3 뇌:-2 빙:3 용:-5,복마향명 Lv 1앙심 Lv 1,10
길드팰리스그리브,다리,120,3 - -,화:1 수:2 뇌:2 빙:1 용:1,재난대처능력 Lv 2전화위복 Lv 2,9
세일러풋,다리,114,3 - -,화:0 수:0 뇌:0 빙:0 용:0,런너 Lv 3회피 성능 Lv 1,9
메듀레트X부츠,다리,114,4 1 -,화:1 수:3 뇌:0 빙:2 용:0,폭파속성 강화 Lv 1차지 마스터 Lv 1KO술 Lv 1,9
시커팬츠,다리,114,4 - -,화:2 수:2 뇌:2 빙:2 용:2,체술 Lv 2행운 Lv 1,9
사쥬부츠,다리,114,2 - -,화:0 수:0 뇌:0 빙:0 용:0,아이템 사용 강화 Lv 3광역화 Lv 2,9
"샤리테부츠,여성용",다리,114,4 1 -,화:1 수:1 뇌:1 빙:1 용:1,런너 Lv 3배고픔 내성 Lv 1,9
"프로프부츠,남성용",다리,114,4 1 -,화:1 수:1 뇌:1 빙:1 용:1,런너 Lv 3배고픔 내성 Lv 1,9
멜제그리브,다리,120,4 1 1,화:-2 수:2 뇌:2 빙:-1 용:-5,속성 피해 내성 Lv 2약점 특효 Lv 1공격 Lv 1,9
"필리아그리브,여성용",다리,120,3 2 -,화:-2 수:2 뇌:-1 빙:2 용:-4,광룡증[식] Lv 1명검 Lv 1탄환 절약 Lv 1,9
"아크그리브,[1] 남성용",다리,120,3 2 -,화:-2 수:2 뇌:-1 빙:2 용:-4,광룡증[식] Lv 1명검 Lv 1탄환 절약 Lv 1,9
카이저X그리브,다리,120,2 1 -,화:4 수:-4 뇌:1 빙:-1 용:-3,염린의 은혜 Lv 1달인의 재주 Lv 1슈퍼회심 Lv 1,9
미즈하갑주-진,다리,120,2 - -,화:-5 수:1 뇌:0 빙:3 용:-3,하피의 은혜 Lv 2완전 충전 Lv 1독속성 강화 Lv 1,9
크샤나X페이르,다리,120,4 1 -,화:-1 수:2 뇌:-2 빙:3 용:-3,강각의 은혜 Lv 1장인 Lv 1통상탄/연사화살 강화 Lv 1,9
다마스크X그리브,다리,114,3 - -,화:-1 수:2 뇌:-3 빙:1 용:-1,장인 Lv 2장전 확장 Lv 2속성 피해 내성 Lv 1,9
바젤X그리브,다리,118,3 - -,화:3 수:1 뇌:-4 빙:-2 용:-2,포술 Lv 2가드 성능 Lv 1도전자 Lv 1,9
제천다리장비-진,다리,116,1 1 1,화:2 수:1 뇌:3 빙:-5 용:2,슈퍼회심 Lv 2힘의 해방 Lv 1움찔 감소 Lv 2,9
그로시아그리브,다리,112,2 - -,화:0 수:0 뇌:0 빙:3 용:0,연마술[예] Lv 1힘의 해방 Lv 1공격 Lv 2,9
발바니아부츠,다리,110,3 - -,화:1 수:1 뇌:1 빙:1 용:1,파괴왕 Lv 1역습 Lv 1행운 Lv 1,9
디그니그리브,다리,112,4 - -,화:1 수:1 뇌:1 빙:1 용:1,고속 변형 Lv 1강화 지속 Lv 1명검 Lv 1,9
"에콜부츠,여성용",다리,110,2 1 -,화:0 수:0 뇌:0 빙:0 용:0,포획 명인 Lv 1행운 Lv 1약점 특효 Lv 1,9
"호크부츠,남성용",다리,110,2 1 -,화:0 수:0 뇌:0 빙:0 용:0,포획 명인 Lv 1행운 Lv 1약점 특효 Lv 1,9
중장기사의각갑,다리,114,1 - -,화:1 수:1 뇌:1 빙:1 용:1,가드 강화 Lv 1납도술 Lv 2명검 Lv 2,9
"에스피나페르제,[1]",다리,116,4 1 -,화:3 수:-1 뇌:2 빙:-3 용:-2,공세 Lv 1움찔 감소 Lv 2독속성 강화 Lv 3,9
루나가로그리브,다리,114,2 1 1,화:-4 수:2 뇌:-1 빙:4 용:-1,힘의 해방 Lv 3합기 Lv 1,9
젝스그리브,다리,114,1 1 -,화:0 수:-1 뇌:4 빙:-3 용:0,명검 Lv 3탄환 절약 Lv 3번개속성 공격 강화 Lv 3,9
레기오스그리브,다리,114,4 - -,화:4 수:0 뇌:-3 빙:-2 용:0,칼날비늘 연마 Lv 1회피 거리 UP Lv 2,9
고어그리브,다리,112,1 1 1,화:-2 수:3 뇌:-1 빙:2 용:-1,도전자 Lv 3빨리 먹기 Lv 1,9
디아블로X그리브,다리,118,3 - -,화:3 수:-1 뇌:-1 빙:-3 용:-1,재난대처능력 Lv 2내진 Lv 2,9
렉스X그리브,다리,118,3 - -,화:2 수:0 뇌:-3 빙:0 용:-2,빨리 먹기 Lv 2심안 Lv 2통상탄/연사화살 강화 Lv 1,9
진오우X그리브,다리,116,1 - -,화:0 수:-1 뇌:4 빙:-4 용:1,힘의 해방 Lv 1체술 Lv 3밧줄벌레꾼 Lv 1,9
레우스X그리브,다리,114,1 1 -,화:3 수:1 뇌:-2 빙:1 용:-3,공격 Lv 1파괴왕 Lv 1귀마개 Lv 2,9
미츠네X그리브,다리,114,3 1 1,화:0 수:2 뇌:-3 빙:1 용:-1,거품의 춤 Lv 1회피 성능 Lv 1체술 Lv 1,9
가브라스슈트X풋,다리,112,4 1 -,화:1 수:1 뇌:1 빙:1 용:3,약점 특효 Lv 1독 내성 Lv 2,9
크롬메탈X부츠,다리,110,4 - -,화:-2 수:-2 뇌:-2 빙:-2 용:-2,움찔 감소 Lv 2,9
"무녀하의-요,여성용",다리,110,2 - -,화:3 수:0 뇌:0 빙:0 용:0,광역화 Lv 2만족감 Lv 1행운 Lv 1,9
"이면우츠시각반-진,[1] 남성용",다리,110,1 1 1,화:3 수:0 뇌:0 빙:0 용:0,회피 성능 Lv 1도전자 Lv 1공격 Lv 2,9
"무복하의-광,여성용",다리,110,1 1 1,화:3 수:0 뇌:0 빙:0 용:0,회피 성능 Lv 1도전자 Lv 1공격 Lv 2,9
"표면우츠시각반-진,남성용",다리,110,2 - -,화:3 수:0 뇌:0 빙:0 용:0,광역화 Lv 2만족감 Lv 1행운 Lv 1,9
야츠카다Z그리브,다리,112,4 2 1,화:2 수:-4 뇌:2 빙:-2 용:2,완전 충전 Lv 1폭파 피해 내성 Lv 2,9
오로미도Z그리브,다리,112,3 3 -,화:5 수:-5 뇌:0 빙:-4 용:0,돌파구 Lv 1앙심 Lv 1,9
야츠카다X그리브,다리,108,1 1 -,화:4 수:-2 뇌:-1 빙:-3 용:0,체술 Lv 3스태미나 급속 회복 Lv 2,8
오로미도X그리브,다리,108,4 2 -,화:-4 수:3 뇌:3 빙:-2 용:-2,명검 Lv 1회피 성능 Lv 1탄환 절약 Lv 1,8
"기자미그리브,[1]",다리,108,1 - -,화:-3 수:1 뇌:-4 빙:-1 용:2,간파 Lv 1런너 Lv 1장인 Lv 2관통탄/관통화살 강화 Lv 2,8
고르무그리브,다리,112,2 2 1,화:-1 수:3 뇌:-2 빙:0 용:2,차지 마스터 Lv 1KO술 Lv 2스태미나 탈취 Lv 2,8
고샤X그리브,다리,106,3 - -,화:-4 수:1 뇌:-1 빙:4 용:0,발도술[힘] Lv 1도전자 Lv 3탄도 강화 Lv 1,8
나르가X그리브,다리,108,1 - -,화:-2 수:1 뇌:-3 빙:1 용:1,회피 성능 Lv 2간파 Lv 2체술 Lv 1,8
마가이갑주-진,다리,110,2 1 -,화:3 수:-3 뇌:-2 빙:1 용:1,귀화전 Lv 1앙심 Lv 2움찔 감소 Lv 1,8
벨리오X그리브,다리,108,4 1 -,화:-5 수:0 뇌:-1 빙:3 용:0,납도술 Lv 1파괴왕 Lv 1얼음속성 공격 강화 Lv 2,8
브리게이드X부츠,다리,106,2 2 1,화:1 수:0 뇌:2 빙:0 용:2,갈무리 철인 Lv 1식생학 Lv 2런너 Lv 2,8
가디언부츠,다리,108,2 1 -,화:2 수:0 뇌:0 빙:2 용:3,가드 성능 Lv 2귀마개 Lv 1,8
"스콜라삭스,여성용",다리,104,4 - -,화:0 수:0 뇌:0 빙:0 용:0,정령의 가호 Lv 2버섯 애호가 Lv 1,8
"길드버드부츠,남성용",다리,104,4 - -,화:0 수:0 뇌:0 빙:0 용:0,정령의 가호 Lv 2버섯 애호가 Lv 1,8
포술대[각반],다리,106,-,화:1 수:1 뇌:1 빙:1 용:1,탄환 절약 Lv 3특수 사격 강화 Lv 1포술 Lv 1,8
"파르메르X감바,여성용",다리,110,2 1 -,화:-2 수:0 뇌:3 빙:-2 용:2,간파 Lv 2용속성 공격 강화 Lv 1회피 성능 Lv 1,8
"르와가X감바,남성용",다리,110,2 1 -,화:-2 수:0 뇌:3 빙:-2 용:2,간파 Lv 2용속성 공격 강화 Lv 1회피 성능 Lv 1,8
마카르파X팬츠,다리,104,1 1 -,화:1 수:2 뇌:-2 빙:0 용:0,거품의 춤 Lv 2빨리 먹기 Lv 1돌파구 Lv 1,8
데스기어X페르제,다리,110,2 1 -,화:3 수:1 뇌:1 빙:-1 용:0,칼날 연마 Lv 1고속 변형 Lv 1공격 Lv 1,8
마기르X라이스,다리,100,2 2 -,화:-3 수:1 뇌:0 빙:3 용:0,튠 업 Lv 1흔들림 억제 Lv 2,8
바이크X그리브,다리,100,4 1 -,화:0 수:3 뇌:-2 빙:-1 용:0,장전 확장 Lv 1배고픔 내성 Lv 1,8
도베르X그리브,다리,104,2 - -,화:-2 수:0 뇌:0 빙:0 용:4,용속성 공격 강화 Lv 1집중 Lv 2재난대처능력 Lv 2,8
쟈나프X그리브,다리,98,3 - -,화:3 수:-3 뇌:-1 빙:-1 용:0,런너 Lv 2도전자 Lv 2,8
카가치X그리브,다리,96,2 1 -,화:0 수:-3 뇌:3 빙:0 용:0,체술 Lv 1간파 Lv 2회심격[속성] Lv 1,8
레이아X그리브,다리,96,4 - -,화:3 수:0 뇌:-2 빙:0 용:-3,속성 피해 내성 Lv 1만족감 Lv 1도전자 Lv 1,8
이소네Z그리브,다리,108,4 1 -,화:-3 수:1 뇌:-1 빙:3 용:2,회심격[속성] Lv 1도전자 Lv 1얼음속성 공격 강화 Lv 2,8
이소네X그리브,다리,96,4 1 -,화:-1 수:2 뇌:-3 빙:0 용:1,정령의 가호 Lv 2수면 내성 Lv 1,8
바살X그리브,다리,100,3 - -,화:0 수:-2 뇌:1 빙:1 용:-3,포탄 장전 Lv 1방어 Lv 2힘의 해방 Lv 2장전 속도 Lv 1,8
쥬라X그리브,다리,96,4 1 1,화:-1 수:2 뇌:-3 빙:0 용:0,가드 강화 Lv 2앙심 Lv 1,8
푸케푸케X그리브,다리,96,2 1 1,화:0 수:3 뇌:-3 빙:0 용:1,체술 Lv 2탄도 강화 Lv 1,8
텐고Z그리브,다리,96,4 1 -,화:2 수:-4 뇌:-2 빙:0 용:2,납도술 Lv 1칼날 연마 Lv 2산탄/확산화살 강화 Lv 1,8
텐고X그리브,다리,96,2 1 1,화:-2 수:2 뇌:2 빙:-4 용:2,혼신 Lv 1달인의 재주 Lv 1빨리 먹기 Lv 1탄환 절약 Lv 1,8
푸루푸루X그리브,다리,96,2 1 -,화:-4 수:1 뇌:4 빙:2 용:1,집중 Lv 1KO술 Lv 2회복 속도 Lv 2,8
"유쿠모하의,[2]",다리,92,2 - -,화:0 수:0 뇌:2 빙:0 용:0,간파 Lv 1회피 성능 Lv 1체력 회복량 UP Lv 2,8
"경장기사의각갑,[2]",다리,100,3 1 -,화:1 수:1 뇌:1 빙:1 용:1,명검 Lv 2슈퍼회심 Lv 1,8
오행의 신발,다리,100,3 - -,화:0 수:0 뇌:0 빙:0 용:3,정령의 가호 Lv 2귀화전 Lv 1,8
멜호아X라이스,다리,92,4 1 -,화:0 수:1 뇌:3 빙:0 용:0,체력 회복량 UP Lv 1회복 속도 Lv 2스태미나 급속 회복 Lv 1,8
알브로X샌들,다리,96,1 1 -,화:0 수:2 뇌:1 빙:-1 용:0,산탄/확산화살 강화 Lv 1관통탄/관통화살 강화 Lv 2,8
에델X라이스,다리,96,4 1 -,화:-1 수:3 뇌:-1 빙:0 용:0,독 내성 Lv 1빨리 먹기 Lv 2,8
"스파이오X감바,여성용",다리,98,2 - -,화:3 수:-1 뇌:-1 빙:-1 용:3,힘의 해방 Lv 1독 내성 Lv 1심안 Lv 2,8
"스칼다X감바,남성용",다리,98,2 - -,화:3 수:-1 뇌:-1 빙:-1 용:3,힘의 해방 Lv 1독 내성 Lv 1심안 Lv 2,8
"잉곳X그리브,[8]",다리,94,1 1 -,화:-1 수:-1 뇌:1 빙:0 용:0,공격 Lv 2간파 Lv 2,8
요츠미X그리브,다리,90,4 - -,화:-1 수:4 뇌:-2 빙:1 용:0,배고픔 내성 Lv 2재난대처능력 Lv 1빨리 먹기 Lv 1,8
자자미그리브,다리,94,4 - -,화:-5 수:1 뇌:-3 빙:-1 용:2,튠 업 Lv 1장인 Lv 1내진 Lv 1,8
보로스X그리브,다리,94,2 1 -,화:-3 수:-1 뇌:3 빙:-1 용:0,가드 성능 Lv 2방어 Lv 1공격적인 방어 Lv 1,8
루드로스X그리브,다리,92,3 - -,화:-3 수:4 뇌:-1 빙:0 용:0,강화 지속 Lv 2집중 Lv 1,8
아케노X그리브,다리,88,1 1 -,화:3 수:-3 뇌:-1 빙:0 용:0,완전 충전 Lv 1불속성 공격 강화 Lv 2발도술[기] Lv 1,8
랑그로X그리브,다리,94,1 - -,화:2 수:-3 뇌:0 빙:-1 용:1,고속 변형 Lv 2회피 거리 UP Lv 2,8
울크X그리브,다리,86,3 - -,화:-3 수:1 뇌:0 빙:3 용:0,점프 철인 Lv 1간파 Lv 1달인의 재주 Lv 1장전 속도 Lv 1,8
아시라X그리브,다리,86,3 2 1,화:-2 수:0 뇌:-2 빙:0 용:0,빨리 먹기 Lv 1,8
프로기X그리브,다리,88,4 - -,화:2 수:-2 뇌:1 빙:-4 용:0,회피 거리 UP Lv 2,8
쿠루루X그리브,다리,86,3 - -,화:0 수:-3 뇌:0 빙:1 용:0,기절 내성 Lv 2간파 Lv 2,8
바기X그리브,다리,86,2 1 -,화:-4 수:-1 뇌:-1 빙:2 용:1,공격 Lv 2얼음 내성 Lv 2,8
이즈치X그리브,다리,86,1 1 -,화:2 수:-1 뇌:-2 빙:0 용:0,회복 속도 Lv 1체술 Lv 2회피 성능 Lv 1,8
람포스그리브,다리,86,3 2 -,화:0 수:0 뇌:0 빙:-2 용:0,풍압 내성 Lv 2기절 내성 Lv 2,8
구룡의가죽경갑X,다리,90,2 1 -,화:0 수:0 뇌:0 빙:1 용:0,탑승 명인 Lv 1벽면 이동 Lv 2,8
랑고그리브,다리,84,4 - -,화:-2 수:1 뇌:1 빙:1 용:2,납도술 Lv 1밧줄벌레꾼 Lv 1,8
타로스그리브,다리,86,2 2 -,화:-1 수:-1 뇌:-1 빙:-1 용:4,돌파구 Lv 1흔들림 억제 Lv 1체력 회복량 UP Lv 1,8
브나하X부츠,다리,84,4 1 -,화:-2 수:0 뇌:0 빙:0 용:2,반동 경감 Lv 1흔들림 억제 Lv 2,8
드로스X그리브,다리,90,4 1 -,화:-2 수:4 뇌:-1 빙:0 용:0,물속성 공격 강화 Lv 3,8
리노프로X그리브,다리,90,4 - -,화:2 수:0 뇌:0 빙:-2 용:0,관통탄/관통화살 강화 Lv 1내진 Lv 1,8
본X그리브,다리,82,2 - -,화:0 수:0 뇌:0 빙:-1 용:0,진흙/눈 내성 Lv 2집중 Lv 1발도술[힘] Lv 1,8
얼로이X그리브,다리,82,4 - -,화:-1 수:0 뇌:-1 빙:-1 용:0,간파 Lv 2,8
헌터X그리브,다리,82,2 - -,화:0 수:0 뇌:0 빙:0 용:0,기절 내성 Lv 1공격 Lv 2납도술 Lv 1,8
체인X팬츠,다리,82,1 1 1,화:0 수:0 뇌:1 빙:0 용:0,스태미나 급속 회복 Lv 1가드 성능 Lv 2,8
레더X팬츠,다리,80,4 1 -,화:0 수:0 뇌:0 빙:0 용:0,지질학 Lv 1식생학 Lv 2,8
카무라각반-계,다리,80,2 - -,화:2 수:0 뇌:0 빙:0 용:0,벽면 이동 Lv 2돌파구 Lv 1활주 강화 Lv 1,8
푸른빛무사[신발],다리,72,2 1 -,화:2 수:2 뇌:0 빙:0 용:2,납도술 Lv 2집중 Lv 1,7
혁요의그리브,다리,80,3 1 -,화:-2 수:-2 뇌:-2 빙:-2 용:3,용기 활성 Lv 1앙심 Lv 1,7
브리게이드S부츠,다리,62,1 1 1,화:1 수:0 뇌:2 빙:0 용:2,갈무리 철인 Lv 1식생학 Lv 2,7
바젤그리브,다리,72,3 - -,화:3 수:1 뇌:-4 빙:-2 용:-2,포술 Lv 2가드 성능 Lv 1,7
카이저그리브,다리,74,1 - -,화:4 수:-4 뇌:1 빙:-1 용:-3,염린의 은혜 Lv 1달인의 재주 Lv 1,7
미즈하갑주,다리,74,2 - -,화:-5 수:1 뇌:0 빙:3 용:-3,하피의 은혜 Lv 1회피 성능 Lv 1,7
크샤나페이르,다리,74,1 - -,화:-1 수:2 뇌:-2 빙:3 용:-3,강각의 은혜 Lv 1장인 Lv 1관통탄/관통화살 강화 Lv 1,7
다마스크그리브,다리,68,1 - -,화:-1 수:2 뇌:-3 빙:1 용:-1,장인 Lv 2,7
천둥의다리,다리,76,-,화:2 수:1 뇌:4 빙:-3 용:-4,런너 Lv 1회피 성능 Lv 1뇌문의 일치 Lv 1풍뢰합일 Lv 1,7
돌풍의다리,다리,66,-,화:-1 수:0 뇌:0 빙:0 용:-2,가드 강화 Lv 1KO술 Lv 1풍문의 일치 Lv 1풍뢰합일 Lv 1,7
"금빛하의,[4]",다리,70,1 1 -,화:2 수:1 뇌:3 빙:-5 용:2,슈퍼회심 Lv 2힘의 해방 Lv 1,7
블랙레더레그스,다리,60,3 - -,화:2 수:2 뇌:2 빙:2 용:2,밧줄벌레꾼 Lv 2,6
"르와가S감바,남성용",다리,62,1 1 -,화:-2 수:0 뇌:3 빙:-2 용:2,간파 Lv 2용속성 공격 강화 Lv 1,6
야츠카다그리브,다리,66,1 - -,화:4 수:-2 뇌:-1 빙:-3 용:1,체술 Lv 2스태미나 급속 회복 Lv 2,6
디아블로S그리브,다리,64,2 - -,화:3 수:-1 뇌:-1 빙:-3 용:-1,가드 성능 Lv 1공격적인 방어 Lv 1,6
렉스S그리브,다리,64,1 - -,화:2 수:0 뇌:-3 빙:0 용:-2,빨리 먹기 Lv 2심안 Lv 1,6
오로미도S그리브,다리,64,3 1 -,화:-4 수:3 뇌:3 빙:-2 용:-2,명검 Lv 1,6
고샤S그리브,다리,64,1 - -,화:-4 수:1 뇌:-1 빙:4 용:0,도전자 Lv 3발도술[힘] Lv 1,6
마가이갑주-패,다리,64,1 1 -,화:3 수:-3 뇌:-2 빙:1 용:1,앙심 Lv 1움찔 감소 Lv 1귀화전 Lv 1,6
메듀레트S부츠,다리,62,3 1 -,화:1 수:3 뇌:0 빙:2 용:0,폭파속성 강화 Lv 1,6
"파르메르S감바,여성용",다리,62,1 1 -,화:-2 수:0 뇌:3 빙:-2 용:2,간파 Lv 2용속성 공격 강화 Lv 1,6
진오우S그리브,다리,62,1 - -,화:0 수:-1 뇌:4 빙:-4 용:1,체술 Lv 2힘의 해방 Lv 1,6
레우스S그리브,다리,62,1 1 -,화:3 수:1 뇌:-2 빙:1 용:-3,공격 Lv 1파괴왕 Lv 1,6
미츠네S그리브,다리,60,3 1 1,화:0 수:2 뇌:-3 빙:1 용:-1,거품의 춤 Lv 1,6
나르가S그리브,다리,60,1 - -,화:-2 수:1 뇌:-3 빙:1 용:1,회피 성능 Lv 2간파 Lv 1,6
쟈나프S그리브,다리,60,2 - -,화:3 수:-3 뇌:-1 빙:-1 용:0,런너 Lv 2,6
"이면우츠시각반-패,남성용",다리,52,1 1 -,화:3 수:0 뇌:0 빙:0 용:0,도전자 Lv 1회피 성능 Lv 1,5
"표면우츠시각반-패,남성용",다리,52,1 - -,화:3 수:0 뇌:0 빙:0 용:0,행운 Lv 1광역화 Lv 1만족감 Lv 1,5
카가치S그리브,다리,58,2 1 -,화:0 수:-3 뇌:3 빙:0 용:0,간파 Lv 2체술 Lv 1,5
벨리오S그리브,다리,58,3 1 -,화:-3 수:0 뇌:-1 빙:3 용:0,납도술 Lv 1,5
이소네S그리브,다리,58,1 1 -,화:-1 수:2 뇌:-3 빙:0 용:1,정령의 가호 Lv 2,5
가브라스슈트S풋,다리,52,1 1 -,화:1 수:1 뇌:1 빙:1 용:3,약점 특효 Lv 1,5
"무복하의-원,여성용",다리,52,1 1 -,화:3 수:0 뇌:0 빙:0 용:0,도전자 Lv 1회피 성능 Lv 1,5
"무녀하의-기,여성용",다리,52,1 - -,화:3 수:0 뇌:0 빙:0 용:0,행운 Lv 1광역화 Lv 1만족감 Lv 1,5
마카르파S팬츠,다리,52,1 1 -,화:1 수:2 뇌:-2 빙:0 용:0,빨리 먹기 Lv 1거품의 춤 Lv 1,5
바이크S그리브,다리,52,3 1 -,화:0 수:3 뇌:-2 빙:-1 용:0,장전 확장 Lv 1,5
마기르S라이스,다리,52,2 1 -,화:-3 수:1 뇌:0 빙:3 용:0,반동 경감 Lv 2,5
데스기어S페르제,다리,52,1 1 -,화:3 수:1 뇌:1 빙:-1 용:0,칼날 연마 Lv 1고속 변형 Lv 1,5
멜호아S라이스,다리,52,1 1 -,화:0 수:1 뇌:3 빙:0 용:0,체력 회복량 UP Lv 1회복 속도 Lv 1,5
알브로S샌들,다리,52,1 1 -,화:0 수:2 뇌:1 빙:-1 용:0,관통탄/관통화살 강화 Lv 1산탄/확산화살 강화 Lv 1,5
도베르그리브,다리,52,2 - -,화:-2 수:0 뇌:0 빙:0 용:4,용속성 공격 강화 Lv 1집중 Lv 1재난대처능력 Lv 1,5
크롬메탈부츠,다리,46,3 - -,화:-2 수:-2 뇌:-2 빙:-2 용:-2,움찔 감소 Lv 2,5
레이아S그리브,다리,52,2 - -,화:3 수:0 뇌:-2 빙:0 용:-3,속성 피해 내성 Lv 1만족감 Lv 1,5
바살S그리브,다리,52,3 - -,화:0 수:-2 뇌:1 빙:1 용:-3,포탄 장전 Lv 1방어 Lv 1,5
쥬라그리브,다리,48,2 1 1,화:-1 수:2 뇌:-3 빙:0 용:0,가드 강화 Lv 2,5
푸케푸케S그리브,다리,50,1 1 1,화:0 수:3 뇌:-3 빙:0 용:1,탄도 강화 Lv 1체술 Lv 1,5
텐고S그리브,다리,52,2 1 1,화:-2 수:2 뇌:2 빙:-4 용:2,혼신 Lv 1,5
"스칼다S감바,남성용",다리,32,1 - -,화:3 수:-1 뇌:-1 빙:-1 용:3,힘의 해방 Lv 1심안 Lv 1독 내성 Lv 1,4
보로스S그리브,다리,50,2 1 -,화:-3 수:-1 뇌:3 빙:-1 용:0,가드 성능 Lv 1공격적인 방어 Lv 1방어 Lv 1,4
루드로스S그리브,다리,48,3 - -,화:-3 수:4 뇌:-1 빙:0 용:0,강화 지속 Lv 2,4
랑그로S그리브,다리,50,1 1 -,화:2 수:-3 뇌:0 빙:-1 용:1,회피 거리 UP Lv 2고속 변형 Lv 1,4
구룡의가죽경갑S,다리,42,2 1 -,화:0 수:0 뇌:0 빙:1 용:0,탑승 명인 Lv 1,4
드로스S그리브,다리,42,2 - -,화:-2 수:4 뇌:-1 빙:0 용:0,물속성 공격 강화 Lv 3,4
리노프로S그리브,다리,42,1 1 -,화:2 수:0 뇌:0 빙:-2 용:0,관통탄/관통화살 강화 Lv 1내진 Lv 1,4
에델S라이스,다리,40,3 1 -,화:-1 수:3 뇌:-1 빙:0 용:0,독 내성 Lv 1,4
"잉곳S그리브,[2]",다리,40,1 - -,화:-1 수:-1 뇌:1 빙:0 용:0,공격 Lv 2간파 Lv 2,4
요츠미S그리브,다리,40,1 - -,화:-1 수:4 뇌:-2 빙:1 용:0,통상탄/연사화살 강화 Lv 1배고픔 내성 Lv 1,4
푸루푸루S그리브,다리,38,1 1 -,화:-4 수:1 뇌:4 빙:2 용:1,집중 Lv 1KO술 Lv 1회복 속도 Lv 1,4
아케노S그리브,다리,38,1 - -,화:3 수:-3 뇌:-1 빙:0 용:0,불속성 공격 강화 Lv 2완전 충전 Lv 1,4
울크S그리브,다리,36,1 1 -,화:-3 수:1 뇌:0 빙:3 용:0,간파 Lv 1점프 철인 Lv 1,4
아시라S그리브,다리,36,3 2 1,화:-2 수:0 뇌:-2 빙:0 용:0,,4
프로기S그리브,다리,38,1 1 -,화:2 수:-2 뇌:1 빙:-4 용:0,장전 확장 Lv 1회피 거리 UP Lv 1,4
쿠루루S그리브,다리,38,1 - -,화:0 수:-3 뇌:0 빙:1 용:0,간파 Lv 2기절 내성 Lv 1,4
바기S그리브,다리,36,2 1 -,화:-4 수:-1 뇌:-1 빙:2 용:1,공격 Lv 1,4
이즈치S그리브,다리,36,1 1 -,화:2 수:-1 뇌:-2 빙:0 용:0,체술 Lv 1회복 속도 Lv 1,4
브나하S부츠,다리,34,2 1 -,화:-2 수:0 뇌:0 빙:0 용:2,마비속성 강화 Lv 1반동 경감 Lv 1,4
"스파이오S감바,여성용",다리,32,1 - -,화:3 수:-1 뇌:-1 빙:-1 용:3,힘의 해방 Lv 1심안 Lv 1독 내성 Lv 1,4
본S그리브,다리,32,2 - -,화:0 수:0 뇌:0 빙:-1 용:0,진흙/눈 내성 Lv 2집중 Lv 1,4
얼로이S그리브,다리,32,2 - -,화:-1 수:0 뇌:-1 빙:-1 용:0,간파 Lv 1숫돌 사용 고속화 Lv 1,4
헌터S그리브,다리,32,2 - -,화:0 수:0 뇌:0 빙:0 용:0,기절 내성 Lv 1공격 Lv 2,4
체인S팬츠,다리,32,1 1 -,화:0 수:0 뇌:1 빙:0 용:0,스태미나 급속 회복 Lv 1식생학 Lv 1,4
레더S팬츠,다리,30,2 - -,화:0 수:0 뇌:0 빙:0 용:0,지질학 Lv 1,4
카무라각반-패,다리,30,1 - -,화:2 수:0 뇌:0 빙:0 용:0,벽면 이동 Lv 2돌파구 Lv 1,4
"이면우츠시각반,남성용",다리,24,-,화:3 수:0 뇌:0 빙:0 용:0,회피 성능 Lv 1도전자 Lv 1,3
"표면우츠시각반,남성용",다리,24,-,화:3 수:0 뇌:0 빙:0 용:0,광역화 Lv 1,3
"르와가감바,남성용",다리,24,-,화:-2 수:0 뇌:3 빙:-2 용:2,간파 Lv 1,3
디아블로그리브,다리,30,-,화:3 수:-1 뇌:-1 빙:-3 용:-1,가드 성능 Lv 1공격적인 방어 Lv 1,3
렉스그리브,다리,30,-,화:2 수:0 뇌:-3 빙:0 용:-2,빨리 먹기 Lv 1,3
오로미도그리브,다리,30,-,화:-4 수:3 뇌:3 빙:-2 용:-2,명검 Lv 1,3
고샤그리브,다리,30,-,화:-4 수:1 뇌:-1 빙:4 용:0,도전자 Lv 1,3
진오우그리브,다리,28,-,화:0 수:-1 뇌:4 빙:-4 용:1,체술 Lv 2,3
레우스그리브,다리,28,-,화:4 수:0 뇌:-2 빙:0 용:-4,공격 Lv 1불속성 공격 강화 Lv 1,3
미츠네그리브,다리,26,-,화:0 수:2 뇌:-3 빙:1 용:-1,거품의 춤 Lv 1,3
나르가그리브,다리,26,-,화:-2 수:1 뇌:-3 빙:1 용:1,간파 Lv 1회피 성능 Lv 1,3
쟈나프그리브,다리,26,-,화:3 수:-3 뇌:-1 빙:-1 용:0,런너 Lv 1,3
마가이갑주,다리,28,-,화:3 수:-3 뇌:-2 빙:1 용:1,앙심 Lv 1,3
브리게이드부츠,다리,26,-,화:1 수:0 뇌:2 빙:0 용:2,광역화 Lv 1,3
"무복하의,여성용",다리,24,-,화:3 수:0 뇌:0 빙:0 용:0,도전자 Lv 1회피 성능 Lv 1,3
"무녀하의,여성용",다리,24,-,화:3 수:0 뇌:0 빙:0 용:0,광역화 Lv 1,3
메듀레트부츠,다리,24,-,화:1 수:3 뇌:0 빙:2 용:0,폭파속성 강화 Lv 1,3
"파르메르감바,여성용",다리,24,-,화:-2 수:0 뇌:3 빙:-2 용:2,간파 Lv 2,3
마카르파팬츠,다리,24,-,화:1 수:2 뇌:-2 빙:0 용:0,빨리 먹기 Lv 1,3
"스칼다감바,남성용",다리,12,-,화:3 수:-1 뇌:-1 빙:-1 용:3,독 내성 Lv 1,2
카가치그리브,다리,20,-,화:0 수:-3 뇌:3 빙:0 용:0,간파 Lv 1체술 Lv 1,2
벨리오그리브,다리,20,-,화:-5 수:0 뇌:-1 빙:3 용:0,납도술 Lv 1,2
레이아그리브,다리,22,-,화:3 수:0 뇌:-2 빙:0 용:-3,만족감 Lv 1,2
이소네그리브,다리,22,-,화:-1 수:2 뇌:-3 빙:0 용:1,정령의 가호 Lv 1,2
바살그리브,다리,22,-,화:0 수:-2 뇌:1 빙:1 용:-3,포탄 장전 Lv 1방어 Lv 1,2
푸케푸케그리브,다리,20,-,화:0 수:3 뇌:-3 빙:0 용:1,체술 Lv 1,2
텐고그리브,다리,22,-,화:-2 수:2 뇌:2 빙:-4 용:2,혼신 Lv 1,2
랑그로그리브,다리,20,-,화:2 수:-3 뇌:0 빙:-1 용:1,회피 거리 UP Lv 1,2
가브라스슈트풋,다리,18,-,화:1 수:1 뇌:1 빙:1 용:2,정령의 가호 Lv 1,2
바이크그리브,다리,18,-,화:0 수:3 뇌:-2 빙:-1 용:0,장전 확장 Lv 1,2
마기르라이스,다리,18,-,화:-3 수:1 뇌:0 빙:3 용:0,반동 경감 Lv 1,2
데스기어페르제,다리,18,-,화:3 수:1 뇌:1 빙:-1 용:0,고속 변형 Lv 1,2
멜호아라이스,다리,18,-,화:0 수:1 뇌:3 빙:0 용:0,회복 속도 Lv 2,2
잉곳그리브,다리,18,-,화:-1 수:-1 뇌:1 빙:0 용:0,공격 Lv 1간파 Lv 1,2
요츠미그리브,다리,18,-,화:-1 수:4 뇌:-2 빙:1 용:0,배고픔 내성 Lv 1,2
푸루푸루그리브,다리,16,-,화:-4 수:1 뇌:4 빙:2 용:1,회복 속도 Lv 1,2
보로스그리브,다리,18,-,화:-3 수:-1 뇌:3 빙:-1 용:0,가드 성능 Lv 1,2
루드로스그리브,다리,18,-,화:-3 수:4 뇌:-1 빙:0 용:0,강화 지속 Lv 1,2
아케노그리브,다리,16,-,화:3 수:-3 뇌:-1 빙:0 용:0,불속성 공격 강화 Lv 1,2
프로기그리브,다리,16,-,화:2 수:-2 뇌:1 빙:-4 용:0,회피 거리 UP Lv 1,2
쿠루루그리브,다리,16,-,화:0 수:-3 뇌:0 빙:1 용:0,간파 Lv 1기절 내성 Lv 1,2
구룡의가죽경갑,다리,14,-,화:0 수:0 뇌:0 빙:1 용:0,탑승 명인 Lv 1,2
브나하부츠,다리,14,-,화:-2 수:0 뇌:0 빙:0 용:2,반동 경감 Lv 1,2
드로스그리브,다리,14,-,화:-2 수:4 뇌:-1 빙:0 용:0,물 내성 Lv 2,2
리노프로그리브,다리,14,-,화:2 수:0 뇌:0 빙:-2 용:0,내진 Lv 1,2
알브로샌들,다리,12,-,화:0 수:2 뇌:1 빙:-1 용:0,산탄/확산화살 강화 Lv 1,2
"스파이오감바,여성용",다리,12,-,화:3 수:-1 뇌:-1 빙:-1 용:3,독 내성 Lv 1,2
에델라이스,다리,12,-,화:-1 수:3 뇌:-1 빙:0 용:0,번개 내성 Lv 1,2
본그리브,다리,10,-,화:0 수:0 뇌:0 빙:-1 용:0,진흙/눈 내성 Lv 1,2
얼로이그리브,다리,10,-,화:-1 수:0 뇌:-1 빙:-1 용:0,숫돌 사용 고속화 Lv 1,2
울크그리브,다리,10,-,화:-3 수:1 뇌:0 빙:4 용:0,간파 Lv 1,1
아시라그리브,다리,10,-,화:-2 수:0 뇌:-2 빙:0 용:0,양동 Lv 1,1
바기그리브,다리,10,-,화:-4 수:-1 뇌:-1 빙:2 용:1,공격 Lv 1,1
이즈치그리브,다리,10,-,화:2 수:-1 뇌:-2 빙:0 용:0,회복 속도 Lv 1,1
헌터그리브,다리,4,-,화:0 수:0 뇌:0 빙:0 용:0,공격 Lv 1기절 내성 Lv 1,1
체인팬츠,다리,4,-,화:0 수:0 뇌:1 빙:0 용:0,스태미나 급속 회복 Lv 1,1
레더팬츠,다리,1,-,화:0 수:0 뇌:0 빙:0 용:0,지질학 Lv 1,1
카무라각반,다리,1,-,화:1 수:0 뇌:0 빙:0 용:0,벽면 이동 Lv 1,1
